{"stats":{"minecraft:broken":{"minecraft:diamond_helmet":1,"minecraft:iron_leggings":1,"immersive_armors:heavy_boots":1},"minecraft:crafted":{"minecraft:oak_planks":32,"minecells:cell_infused_steel":2,"immersive_armors:heavy_boots":1,"minecraft:diamond_leggings":1,"minecraft:diamond_helmet":2,"regions_unexplored:mauve_planks":24,"minecraft:iron_axe":1,"minecraft:diamond_boots":1,"minecraft:chest":4,"minecraft:iron_helmet":1,"travelersbackpack:standard":1,"immersive_armors:heavy_leggings":1,"minecraft:air":0,"minecraft:iron_chestplate":1,"minecraft:diamond_pickaxe":1,"minecraft:golden_apple":8,"minecraft:stick":8,"minecraft:iron_ingot":20,"minecraft:iron_pickaxe":1,"minecraft:iron_block":8,"minecraft:anvil":1,"minecraft:diamond_chestplate":1},"minecraft:used":{"minecraft:stone_sword":2,"minecraft:ladder":1,"minecraft:chest":4,"minecraft:shield":34,"lootr:trophy":2,"minecraft:anvil":2,"simplyswords:diamond_longsword":4,"minecells:monsters_eye":2,"minecraft:chipped_anvil":3,"minecraft:iron_axe":75,"minecells:blood_sword":98,"minecells:guts":39,"minecells:balanced_blade":207,"minecraft:golden_carrot":1,"minecraft:furnace":2,"simplyswords:waxweaver":1,"minecraft:cobbled_deepslate":2,"comforts:sleeping_bag_light_gray":1,"minecraft:diamond_boots":1,"minecraft:oak_planks":6,"immersive_armors:heavy_leggings":1,"minecraft:golden_apple":7,"minecraft:crafting_table":7,"supplementaries:bomb":3,"simplyswords:gold_twinblade":23,"simplyswords:watcher_claymore":9,"regions_unexplored:mauve_planks":17,"minecraft:smoker":1,"minecraft:bread":34,"minecraft:iron_pickaxe":136,"simplyswords:soulkeeper":118,"simplyswords:wickpiercer":455,"minecraft:diamond_sword":176,"minecraft:cobblestone":35,"minecraft:smithing_table":1,"minecraft:golden_pickaxe":1},"minecraft:custom":{"minecraft:interact_with_smithing_table":2,"lootr:looted_stat":130,"minecraft:interact_with_anvil":18,"minecraft:mob_kills":163,"minecraft:interact_with_crafting_table":27,"minecraft:damage_dealt_resisted":0,"minecraft:leave_game":5,"minecraft:time_since_death":118590,"minecraft:climb_one_cm":6582,"minecraft:damage_resisted":404,"minecraft:sprint_one_cm":432206,"minecraft:walk_one_cm":432277,"minecraft:damage_blocked_by_shield":2989,"minecraft:drop":86,"minecraft:play_time":192862,"minecraft:sneak_time":4922,"minecraft:deaths":1,"minecraft:walk_under_water_one_cm":6481,"minecraft:jump":2304,"minecraft:walk_on_water_one_cm":6196,"minecraft:total_world_time":192862,"minecraft:interact_with_furnace":17,"minecraft:sleep_in_bed":4,"minecraft:hex":0,"minecraft:time_since_rest":226,"minecraft:damage_taken":4346,"minecraft:damage_absorbed":278,"minecraft:damage_dealt":34599,"minecraft:swim_one_cm":4239,"minecraft:fly_one_cm":506339,"minecraft:open_chest":34,"minecraft:crouch_one_cm":10685,"minecraft:fall_one_cm":81107},"minecraft:killed":{"minecraft:cave_spider":2,"minecells:mutated_bat":2,"minecraft:spider":2,"minecells:undead_archer":6,"minecraft:skeleton":13,"minecells:leaping_zombie":66,"minecells:protector":9,"minecells:grenadier":11,"graveyard:ghoul":1,"minecells:runner":12,"minecraft:zombie":23,"minecells:shieldbearer":6,"minecraft:villager":2},"minecraft:dropped":{"minecraft:enchanted_book":1,"minecraft:oak_slab":1,"ironchests:blank_chest_upgrade":1,"minecraft:diamond":1,"minecraft:crafting_table":1,"artifacts:shock_pendant":1,"minecells:vine_rune":1,"minecraft:oak_fence":2,"minecraft:iron_helmet":2,"minecraft:glow_berries":8,"minecells:greed_shield":2,"minecells:blood_sword":1,"minecraft:chest_minecart":1,"minecraft:cracked_stone_bricks":1,"brewery:corn_seeds":2,"minecraft:emerald":3,"minecells:bloomrock":7,"minecraft:dirt":6,"minecells:infected_flesh":14,"minecraft:raw_copper_block":2,"minecells:putrid_fence":2,"beachparty:rubber_ring_pelican":2,"minecraft:iron_leggings":1,"minecraft:chain":3,"minecraft:oak_stairs":1,"simplyswords:iron_rapier":1,"minecraft:paper":5,"minecraft:string":14,"minecells:multiple_nocks_bow":1,"twigs:twig":2,"minecraft:gravel":2,"immersive_armors:heavy_leggings":1,"simplyswords:diamond_cutlass":1,"minecraft:furnace":1,"simplyswords:runic_tablet":1,"artifacts:power_glove":1,"jewelry:topaz":2,"minecraft:stone_sword":1,"minecraft:cobbled_deepslate":2,"minecraft:wheat":4,"minecraft:raw_iron":1,"minecraft:rotten_flesh":16,"minecraft:iron_boots":2,"simplyswords:gold_twinblade":1,"minecraft:stripped_oak_log":2,"regions_unexplored:mauve_planks":1,"minecells:assassins_dagger":1,"simplyswords:watcher_claymore":1,"patchouli:guide_book":1,"beachparty:rubber_ring_axolotl":2,"minecraft:diamond_sword":1,"supplementaries:flax_seeds":3,"jewelry:tanzanite":1,"minecraft:shield":1,"minecraft:mangrove_log":2,"minecraft:gunpowder":12,"artifacts:umbrella":1,"fishofthieves:earthworms":1,"minecraft:iron_chestplate":1,"minecraft:charcoal":4,"minecraft:leather_boots":1,"simplyswords:iron_spear":1,"minecraft:bamboo":29,"minecraft:raw_gold":2,"simplyswords:waxweaver":1,"simplyswords:iron_warglaive":1},"minecraft:picked_up":{"minecraft:anvil":1,"minecraft:charcoal":4,"minecraft:iron_chestplate":1,"minecraft:crafting_table":8,"minecraft:wheat":2,"beachparty:rubber_ring_axolotl":1,"minecraft:ladder":1,"simplyswords:watcher_claymore":1,"minecraft:clay_ball":16,"minecraft:chest_minecart":1,"minecraft:smithing_table":1,"jewelry:citrine":1,"artifacts:umbrella":1,"minecraft:diamond_sword":2,"minecraft:oak_stairs":7,"soulsweapons:moonstone":6,"minecraft:enchanted_book":3,"minecraft:string":14,"artifacts:power_glove":1,"minecraft:iron_leggings":1,"minecraft:iron_shovel":1,"minecraft:cracked_stone_bricks":1,"minecraft:cobbled_deepslate":4,"minecells:vine_rune":2,"minecraft:iron_pickaxe":1,"minecraft:chest":1,"minecells:transposition_core":1,"minecraft:mangrove_log":2,"minecraft:furnace":3,"minecells:guts":24,"minecraft:raw_iron":1,"minecraft:oak_door":2,"simplyswords:waxweaver":1,"minecraft:oak_fence":2,"minecells:monsters_eye":6,"minecells:balanced_blade":1,"minecells:putrid_fence":5,"minecraft:arrow":14,"minecraft:rotten_flesh":55,"regions_unexplored:mauve_log":6,"minecraft:white_wool":3,"minecraft:cobblestone":43,"minecraft:stripped_oak_log":10,"minecraft:smoker":1,"supplementaries:flax_seeds":3,"minecraft:gunpowder":8,"minecraft:lapis_lazuli":6,"minecraft:dirt":18,"lootr:trophy":2,"comforts:sleeping_bag_light_gray":2,"artifacts:shock_pendant":1,"minecraft:leather_boots":1,"jewelry:tanzanite":1,"minecraft:bone":15,"minecraft:chipped_anvil":3,"minecraft:bell":1,"minecraft:iron_ingot":51,"fishofthieves:earthworms":1,"minecraft:bamboo":37,"twigs:twig":2,"minecraft:oak_planks":11,"jewelry:topaz":3,"minecraft:book":12,"minecraft:oak_slab":8,"minecells:monster_cell":46,"minecells:infected_flesh":38,"minecraft:gravel":2,"mcdw:sword_hawkbrand":1,"minecells:metal_shards":8,"regions_unexplored:mauve_planks":2,"minecells:multiple_nocks_bow":1,"beachparty:rubber_ring_pelican":1,"minecraft:firework_rocket":3,"minecraft:diamond":24,"minecells:explosive_bulb":4,"minecells:bloomrock":22,"minecells:greed_shield":1,"minecraft:emerald":5,"simplyswords:iron_chakram":1,"minecraft:damaged_anvil":1,"minecraft:coal":29,"minecells:blood_sword":2},"minecraft:mined":{"minecells:putrid_fence":4,"minecraft:oak_door":2,"minecraft:deepslate_diamond_ore":24,"minecraft:ladder":1,"minecraft:grass_block":2,"minecraft:spawner":1,"minecraft:furnace":2,"minecraft:iron_ore":1,"treechop:chopped_log":1,"minecraft:anvil":1,"soulsweapons:moonstone_ore_deepslate":6,"minecraft:bookshelf":4,"minecraft:deepslate_iron_ore":14,"minecraft:vine":4,"minecraft:oak_stairs":7,"minecraft:stripped_oak_log":8,"minecraft:stone":28,"minecraft:white_wool":3,"minecells:alchemy_equipment_1":2,"minecraft:smithing_table":1,"minecraft:oak_slab":6,"lootr:lootr_chest":1,"minecraft:smoker":1,"minecells:wilted_leaves":1,"minecraft:oak_fence":1,"minecraft:crafting_table":8,"minecraft:tall_grass":2,"minecraft:cobblestone":13,"minecells:alchemy_equipment_0":4,"minecraft:oak_planks":13,"minecraft:damaged_anvil":1,"minecells:alchemy_equipment_2":3,"supplementaries:urn":5,"minecells:bloomrock":5,"lootr:trophy":2,"jewelry:deepslate_gem_vein":4,"bewitchment:elder_leaves":2,"regions_unexplored:mauve_planks":2,"minecraft:grass":6,"minecraft:gravel":3,"minecraft:dirt":10,"minecraft:cobweb":7,"minecraft:cracked_stone_bricks":1,"minecells:bloomrock_wilted_grass_block":2,"minecraft:chipped_anvil":3,"minecraft:deepslate":12}},"DataVersion":3465}