{"stats":{"minecraft:broken":{"minecraft:diamond_helmet":1,"minecraft:iron_leggings":1},"minecraft:crafted":{"travelersbackpack:standard":1,"minecraft:iron_helmet":1,"immersive_armors:heavy_leggings":1,"minecraft:air":0,"immersive_armors:heavy_boots":1,"minecraft:diamond_helmet":1,"regions_unexplored:mauve_planks":24,"minecraft:iron_chestplate":1,"minecraft:golden_apple":8,"minecraft:iron_axe":1,"minecraft:stick":4,"minecraft:iron_ingot":20,"minecraft:iron_pickaxe":1,"minecraft:anvil":1,"minecraft:iron_block":8,"minecraft:chest":1,"minecraft:diamond_chestplate":1},"minecraft:custom":{"lootr:looted_stat":103,"minecraft:interact_with_furnace":17,"minecraft:interact_with_anvil":5,"minecraft:mob_kills":114,"minecraft:interact_with_crafting_table":22,"minecraft:damage_dealt_resisted":0,"minecraft:leave_game":3,"minecraft:time_since_death":52999,"minecraft:sleep_in_bed":1,"minecraft:climb_one_cm":5417,"minecraft:damage_resisted":404,"minecraft:hex":0,"minecraft:time_since_rest":53098,"minecraft:sprint_one_cm":262401,"minecraft:damage_absorbed":214,"minecraft:damage_taken":3047,"minecraft:walk_one_cm":251990,"minecraft:damage_blocked_by_shield":2989,"minecraft:drop":43,"minecraft:damage_dealt":24182,"minecraft:fly_one_cm":199581,"minecraft:open_chest":3,"minecraft:crouch_one_cm":3357,"minecraft:play_time":127271,"minecraft:deaths":1,"minecraft:sneak_time":1683,"minecraft:jump":1170,"minecraft:walk_on_water_one_cm":193,"minecraft:total_world_time":127271,"minecraft:fall_one_cm":19126},"minecraft:used":{"comforts:sleeping_bag_light_gray":1,"minecraft:stone_sword":2,"minecraft:ladder":1,"minecraft:shield":34,"immersive_armors:heavy_leggings":1,"lootr:trophy":1,"minecraft:golden_apple":6,"minecraft:anvil":1,"minecraft:crafting_table":6,"simplyswords:diamond_longsword":4,"simplyswords:gold_twinblade":23,"regions_unexplored:mauve_planks":4,"simplyswords:watcher_claymore":9,"minecraft:chipped_anvil":1,"minecraft:iron_axe":30,"minecraft:bread":22,"minecraft:iron_pickaxe":22,"simplyswords:wickpiercer":273,"simplyswords:soulkeeper":118,"minecells:guts":19,"minecells:balanced_blade":196,"minecraft:diamond_sword":176,"minecraft:cobbled_deepslate":2,"minecraft:golden_pickaxe":1},"minecraft:killed":{"minecells:mutated_bat":2,"minecells:runner":12,"minecells:undead_archer":6,"minecraft:zombie":2,"minecells:shieldbearer":6,"minecells:leaping_zombie":66,"minecells:protector":9,"minecells:grenadier":11},"minecraft:dropped":{"minecraft:enchanted_book":1,"simplyswords:diamond_cutlass":1,"ironchests:blank_chest_upgrade":1,"minecraft:stone_sword":1,"minecells:vine_rune":1,"minecraft:wheat":4,"minecraft:oak_fence":1,"minecraft:iron_helmet":1,"minecraft:rotten_flesh":16,"minecells:greed_shield":1,"minecraft:iron_boots":1,"simplyswords:gold_twinblade":1,"minecells:assassins_dagger":1,"brewery:corn_seeds":2,"patchouli:guide_book":1,"minecraft:emerald":1,"minecells:bloomrock":7,"minecraft:diamond_sword":1,"minecraft:dirt":6,"minecells:infected_flesh":14,"minecraft:shield":1,"minecraft:gunpowder":12,"minecraft:raw_copper_block":2,"minecells:putrid_fence":2,"minecraft:iron_chestplate":1,"minecraft:iron_leggings":1,"simplyswords:iron_spear":1,"minecraft:chain":3,"minecraft:bamboo":29,"simplyswords:iron_rapier":1,"minecraft:raw_gold":2,"minecraft:paper":5,"simplyswords:iron_warglaive":1,"twigs:twig":2},"minecraft:picked_up":{"minecraft:crafting_table":7,"minecraft:iron_chestplate":1,"minecraft:ladder":1,"minecraft:diamond_sword":2,"minecraft:enchanted_book":1,"minecraft:gunpowder":8,"lootr:trophy":1,"minecraft:dirt":6,"minecraft:lapis_lazuli":6,"comforts:sleeping_bag_light_gray":2,"minecraft:iron_leggings":1,"minecraft:chipped_anvil":2,"minecraft:cobbled_deepslate":2,"minecraft:iron_ingot":38,"minecells:vine_rune":2,"minecraft:bamboo":37,"twigs:twig":2,"minecells:transposition_core":1,"minecraft:furnace":1,"minecells:guts":20,"minecells:monsters_eye":6,"minecells:balanced_blade":1,"minecraft:oak_fence":1,"minecells:monster_cell":46,"minecells:infected_flesh":35,"minecells:metal_shards":8,"minecells:putrid_fence":5,"minecraft:arrow":1,"regions_unexplored:mauve_planks":1,"minecraft:firework_rocket":3,"minecraft:rotten_flesh":37,"minecells:explosive_bulb":4,"regions_unexplored:mauve_log":6,"minecells:bloomrock":22,"simplyswords:iron_chakram":1,"minecraft:coal":29,"minecraft:white_wool":3},"minecraft:mined":{"minecells:putrid_fence":4,"minecells:wilted_leaves":1,"minecraft:crafting_table":7,"minecraft:ladder":1,"minecraft:tall_grass":2,"minecells:alchemy_equipment_0":4,"minecells:alchemy_equipment_2":3,"minecells:bloomrock":5,"lootr:trophy":1,"bewitchment:elder_leaves":2,"minecraft:furnace":1,"regions_unexplored:mauve_planks":1,"treechop:chopped_log":1,"minecraft:grass":1,"minecraft:vine":1,"minecraft:chipped_anvil":2,"minecells:bloomrock_wilted_grass_block":2,"minecraft:white_wool":3,"minecells:alchemy_equipment_1":2,"minecraft:deepslate":3}},"DataVersion":3465}