{"stats":{"minecraft:broken":{"minecraft:diamond_helmet":1,"minecraft:iron_leggings":1},"minecraft:crafted":{"minecraft:oak_planks":32,"immersive_armors:heavy_boots":1,"minecraft:diamond_helmet":1,"regions_unexplored:mauve_planks":24,"minecraft:iron_axe":1,"minecraft:chest":4,"minecraft:iron_helmet":1,"travelersbackpack:standard":1,"immersive_armors:heavy_leggings":1,"minecraft:air":0,"minecraft:iron_chestplate":1,"minecraft:golden_apple":8,"minecraft:stick":4,"minecraft:iron_ingot":20,"minecraft:iron_pickaxe":1,"minecraft:iron_block":8,"minecraft:anvil":1,"minecraft:diamond_chestplate":1},"minecraft:used":{"minecraft:stone_sword":2,"minecraft:ladder":1,"minecraft:chest":3,"minecraft:shield":34,"lootr:trophy":1,"minecraft:anvil":1,"simplyswords:diamond_longsword":4,"minecraft:chipped_anvil":3,"minecraft:iron_axe":62,"minecells:guts":22,"minecells:balanced_blade":207,"minecraft:furnace":2,"simplyswords:waxweaver":1,"minecraft:cobbled_deepslate":2,"comforts:sleeping_bag_light_gray":1,"minecraft:oak_planks":3,"immersive_armors:heavy_leggings":1,"minecraft:golden_apple":6,"minecraft:crafting_table":7,"simplyswords:gold_twinblade":23,"regions_unexplored:mauve_planks":17,"simplyswords:watcher_claymore":9,"minecraft:smoker":1,"minecraft:bread":24,"minecraft:iron_pickaxe":32,"simplyswords:soulkeeper":118,"simplyswords:wickpiercer":291,"minecraft:diamond_sword":176,"minecraft:golden_pickaxe":1},"minecraft:custom":{"lootr:looted_stat":104,"minecraft:mob_kills":118,"minecraft:interact_with_anvil":5,"minecraft:interact_with_crafting_table":23,"minecraft:damage_dealt_resisted":0,"minecraft:leave_game":3,"minecraft:time_since_death":64999,"minecraft:climb_one_cm":5484,"minecraft:damage_resisted":404,"minecraft:sprint_one_cm":297915,"minecraft:walk_one_cm":287420,"minecraft:damage_blocked_by_shield":2989,"minecraft:drop":54,"minecraft:play_time":139271,"minecraft:deaths":1,"minecraft:sneak_time":1756,"minecraft:jump":1449,"minecraft:walk_on_water_one_cm":315,"minecraft:total_world_time":139271,"minecraft:interact_with_furnace":17,"minecraft:sleep_in_bed":1,"minecraft:hex":0,"minecraft:time_since_rest":65098,"minecraft:damage_taken":3166,"minecraft:damage_absorbed":238,"minecraft:damage_dealt":25142,"minecraft:fly_one_cm":260385,"minecraft:open_chest":7,"minecraft:crouch_one_cm":3540,"minecraft:fall_one_cm":27159},"minecraft:killed":{"minecells:mutated_bat":2,"minecells:undead_archer":6,"minecells:leaping_zombie":66,"minecells:protector":9,"minecells:grenadier":11,"minecells:runner":12,"minecraft:zombie":4,"minecells:shieldbearer":6,"minecraft:villager":2},"minecraft:dropped":{"minecraft:enchanted_book":1,"minecraft:oak_slab":1,"ironchests:blank_chest_upgrade":1,"minecraft:crafting_table":1,"minecraft:oak_fence":2,"minecells:vine_rune":1,"minecraft:iron_helmet":1,"minecells:greed_shield":1,"minecells:blood_sword":1,"brewery:corn_seeds":2,"minecraft:emerald":1,"minecells:bloomrock":7,"minecraft:dirt":6,"minecells:infected_flesh":14,"minecraft:raw_copper_block":2,"minecells:putrid_fence":2,"minecraft:iron_leggings":1,"minecraft:chain":3,"minecraft:oak_stairs":1,"simplyswords:iron_rapier":1,"minecraft:paper":5,"twigs:twig":2,"simplyswords:diamond_cutlass":1,"minecraft:furnace":1,"minecraft:stone_sword":1,"minecraft:wheat":4,"minecraft:rotten_flesh":16,"minecraft:iron_boots":1,"simplyswords:gold_twinblade":1,"regions_unexplored:mauve_planks":1,"minecells:assassins_dagger":1,"simplyswords:watcher_claymore":1,"patchouli:guide_book":1,"minecraft:diamond_sword":1,"minecraft:shield":1,"minecraft:gunpowder":12,"minecraft:iron_chestplate":1,"minecraft:charcoal":4,"simplyswords:iron_spear":1,"minecraft:bamboo":29,"minecraft:raw_gold":2,"simplyswords:waxweaver":1,"simplyswords:iron_warglaive":1},"minecraft:picked_up":{"minecraft:charcoal":4,"minecraft:iron_chestplate":1,"minecraft:crafting_table":8,"minecraft:wheat":2,"simplyswords:watcher_claymore":1,"minecraft:ladder":1,"minecraft:diamond_sword":2,"minecraft:oak_stairs":7,"minecraft:enchanted_book":3,"minecraft:iron_leggings":1,"minecraft:iron_shovel":1,"minecraft:cobbled_deepslate":2,"minecells:vine_rune":2,"minecraft:iron_pickaxe":1,"minecells:transposition_core":1,"minecraft:furnace":3,"minecells:guts":20,"minecraft:oak_door":1,"simplyswords:waxweaver":1,"minecraft:oak_fence":2,"minecells:monsters_eye":6,"minecells:balanced_blade":1,"minecells:putrid_fence":5,"minecraft:arrow":1,"minecraft:rotten_flesh":38,"regions_unexplored:mauve_log":6,"minecraft:white_wool":3,"minecraft:cobblestone":6,"minecraft:stripped_oak_log":8,"minecraft:smoker":1,"minecraft:gunpowder":8,"minecraft:lapis_lazuli":6,"minecraft:dirt":6,"lootr:trophy":1,"comforts:sleeping_bag_light_gray":2,"minecraft:chipped_anvil":3,"minecraft:bell":1,"minecraft:iron_ingot":38,"minecraft:bamboo":37,"twigs:twig":2,"minecraft:oak_planks":2,"minecraft:book":12,"minecraft:oak_slab":8,"minecells:monster_cell":46,"minecells:infected_flesh":38,"minecells:metal_shards":8,"regions_unexplored:mauve_planks":2,"minecells:multiple_nocks_bow":1,"minecraft:firework_rocket":3,"minecells:explosive_bulb":4,"minecells:bloomrock":22,"simplyswords:iron_chakram":1,"minecells:blood_sword":1,"minecraft:coal":29},"minecraft:mined":{"minecells:putrid_fence":4,"minecraft:oak_door":1,"minecraft:ladder":1,"minecraft:furnace":2,"treechop:chopped_log":1,"minecraft:bookshelf":4,"minecraft:vine":1,"minecraft:oak_stairs":7,"minecraft:stripped_oak_log":8,"minecraft:white_wool":3,"minecells:alchemy_equipment_1":2,"minecraft:oak_slab":6,"minecraft:smoker":1,"minecells:wilted_leaves":1,"minecraft:oak_fence":1,"minecraft:crafting_table":8,"minecraft:tall_grass":2,"minecraft:cobblestone":6,"minecells:alchemy_equipment_0":4,"minecraft:oak_planks":3,"minecells:alchemy_equipment_2":3,"minecells:bloomrock":5,"lootr:trophy":1,"bewitchment:elder_leaves":2,"regions_unexplored:mauve_planks":2,"minecraft:grass":6,"minecells:bloomrock_wilted_grass_block":2,"minecraft:chipped_anvil":3,"minecraft:deepslate":3}},"DataVersion":3465}