{"stats":{"minecraft:crafted":{"minecraft:iron_helmet":1,"travelersbackpack:standard":1,"minecraft:air":0,"minecraft:iron_chestplate":1,"regions_unexplored:mauve_planks":24,"minecraft:iron_axe":1,"minecraft:stick":4,"minecraft:iron_ingot":20,"minecraft:iron_pickaxe":1,"minecraft:chest":1},"minecraft:used":{"comforts:sleeping_bag_light_gray":1,"minecraft:stone_sword":2,"minecraft:ladder":1,"minecraft:shield":34,"minecraft:crafting_table":1,"simplyswords:diamond_longsword":4,"minecraft:iron_axe":19,"minecraft:bread":8,"minecraft:iron_pickaxe":5,"simplyswords:soulkeeper":9,"minecells:guts":10,"minecraft:diamond_sword":163,"minecraft:cobbled_deepslate":2,"minecraft:golden_pickaxe":1},"minecraft:custom":{"lootr:looted_stat":54,"minecraft:interact_with_furnace":17,"minecraft:mob_kills":19,"minecraft:interact_with_crafting_table":9,"minecraft:damage_dealt_resisted":0,"minecraft:leave_game":3,"minecraft:time_since_death":73438,"minecraft:sleep_in_bed":1,"minecraft:climb_one_cm":2829,"minecraft:damage_resisted":38,"minecraft:hex":0,"minecraft:time_since_rest":29493,"minecraft:sprint_one_cm":119143,"minecraft:damage_taken":987,"minecraft:walk_one_cm":113328,"minecraft:damage_blocked_by_shield":2989,"minecraft:drop":16,"minecraft:damage_dealt":4665,"minecraft:fly_one_cm":73469,"minecraft:crouch_one_cm":2811,"minecraft:play_time":73438,"minecraft:sneak_time":1588,"minecraft:jump":541,"minecraft:walk_on_water_one_cm":79,"minecraft:total_world_time":73438,"minecraft:fall_one_cm":10549},"minecraft:killed":{"minecells:undead_archer":4,"minecraft:zombie":1,"minecells:shieldbearer":5,"minecells:leaping_zombie":5,"minecells:grenadier":4},"minecraft:dropped":{"ironchests:blank_chest_upgrade":1,"minecraft:stone_sword":1,"minecraft:wheat":4,"minecraft:oak_fence":1,"minecraft:rotten_flesh":9,"brewery:corn_seeds":2,"patchouli:guide_book":1,"minecraft:emerald":1,"minecraft:dirt":6,"minecells:infected_flesh":1,"minecraft:gunpowder":7,"minecraft:raw_copper_block":2,"minecraft:bamboo":29,"minecraft:raw_gold":2,"minecraft:paper":5,"twigs:twig":2},"minecraft:picked_up":{"minecraft:crafting_table":2,"minecraft:ladder":1,"minecraft:diamond_sword":1,"minecraft:gunpowder":4,"minecraft:lapis_lazuli":6,"minecraft:dirt":6,"comforts:sleeping_bag_light_gray":2,"minecraft:cobbled_deepslate":2,"minecraft:bamboo":37,"twigs:twig":2,"minecraft:furnace":1,"minecells:guts":3,"minecraft:oak_fence":1,"minecells:monster_cell":3,"minecells:infected_flesh":4,"minecraft:firework_rocket":3,"minecraft:rotten_flesh":6,"minecells:explosive_bulb":3,"regions_unexplored:mauve_log":6,"minecraft:coal":29,"minecraft:white_wool":3},"minecraft:mined":{"minecraft:crafting_table":2,"minecraft:ladder":1,"minecraft:tall_grass":2,"minecraft:furnace":1,"bewitchment:elder_leaves":2,"treechop:chopped_log":1,"minecraft:grass":1,"minecraft:vine":1,"minecraft:white_wool":3,"minecraft:deepslate":3}},"DataVersion":3465}