{"stats":{"minecraft:crafted":{"minecraft:air":0,"minecraft:iron_ingot":11},"minecraft:used":{"minecraft:bread":2},"minecraft:custom":{"minecraft:time_since_rest":19859,"minecraft:play_time":19859,"minecraft:sprint_one_cm":4849,"minecraft:crouch_one_cm":422,"lootr:looted_stat":4,"minecraft:interact_with_furnace":14,"minecraft:damage_taken":163,"minecraft:walk_one_cm":11581,"minecraft:sneak_time":146,"minecraft:drop":1,"minecraft:jump":65,"minecraft:leave_game":1,"minecraft:time_since_death":19859,"minecraft:total_world_time":19859,"minecraft:hex":0,"minecraft:fall_one_cm":898,"minecraft:fly_one_cm":2777},"minecraft:dropped":{"minecraft:dirt":6},"minecraft:picked_up":{"minecraft:firework_rocket":3,"minecraft:rotten_flesh":1,"minecraft:bamboo":37,"minecraft:dirt":6}},"DataVersion":3465}