{"stats":{"minecraft:crafted":{"travelersbackpack:standard":1,"minecraft:iron_helmet":1,"immersive_armors:heavy_leggings":1,"minecraft:air":0,"regions_unexplored:mauve_planks":24,"minecraft:iron_chestplate":1,"minecraft:iron_axe":1,"minecraft:stick":4,"minecraft:iron_ingot":20,"minecraft:iron_pickaxe":1,"minecraft:iron_block":3,"minecraft:chest":1,"minecraft:diamond_chestplate":1},"minecraft:custom":{"lootr:looted_stat":80,"minecraft:interact_with_furnace":17,"minecraft:mob_kills":31,"minecraft:interact_with_crafting_table":15,"minecraft:damage_dealt_resisted":0,"minecraft:leave_game":3,"minecraft:time_since_death":16999,"minecraft:sleep_in_bed":1,"minecraft:climb_one_cm":2829,"minecraft:damage_resisted":118,"minecraft:hex":0,"minecraft:time_since_rest":17098,"minecraft:sprint_one_cm":179977,"minecraft:damage_taken":1342,"minecraft:walk_one_cm":148343,"minecraft:damage_blocked_by_shield":2989,"minecraft:drop":18,"minecraft:damage_dealt":6988,"minecraft:fly_one_cm":99124,"minecraft:crouch_one_cm":3162,"minecraft:play_time":91271,"minecraft:deaths":1,"minecraft:sneak_time":1632,"minecraft:jump":655,"minecraft:walk_on_water_one_cm":79,"minecraft:total_world_time":91271,"minecraft:fall_one_cm":10758},"minecraft:used":{"comforts:sleeping_bag_light_gray":1,"minecraft:stone_sword":2,"minecraft:ladder":1,"minecraft:shield":34,"minecraft:crafting_table":2,"simplyswords:diamond_longsword":4,"minecraft:iron_axe":20,"minecraft:bread":11,"minecraft:iron_pickaxe":7,"simplyswords:soulkeeper":53,"minecells:guts":10,"minecraft:diamond_sword":176,"minecraft:cobbled_deepslate":2,"minecraft:golden_pickaxe":1},"minecraft:killed":{"minecells:undead_archer":6,"minecraft:zombie":1,"minecells:shieldbearer":6,"minecells:leaping_zombie":9,"minecells:grenadier":9},"minecraft:dropped":{"ironchests:blank_chest_upgrade":1,"minecraft:stone_sword":1,"minecraft:wheat":4,"minecraft:oak_fence":1,"minecraft:rotten_flesh":9,"brewery:corn_seeds":2,"patchouli:guide_book":1,"minecraft:emerald":1,"minecraft:dirt":6,"minecells:infected_flesh":1,"minecraft:gunpowder":7,"minecraft:raw_copper_block":2,"minecraft:iron_chestplate":1,"minecraft:iron_leggings":1,"minecraft:bamboo":29,"minecraft:raw_gold":2,"minecraft:paper":5,"twigs:twig":2},"minecraft:picked_up":{"minecraft:crafting_table":3,"minecraft:iron_chestplate":1,"minecraft:ladder":1,"minecraft:diamond_sword":1,"minecraft:gunpowder":6,"minecraft:dirt":6,"minecraft:lapis_lazuli":6,"comforts:sleeping_bag_light_gray":2,"minecraft:iron_leggings":1,"minecraft:cobbled_deepslate":2,"minecraft:bamboo":37,"twigs:twig":2,"minecraft:furnace":1,"minecells:guts":5,"minecraft:oak_fence":1,"minecells:monster_cell":7,"minecells:infected_flesh":7,"minecells:metal_shards":1,"minecraft:firework_rocket":3,"minecraft:rotten_flesh":9,"minecells:explosive_bulb":3,"regions_unexplored:mauve_log":6,"minecraft:coal":29,"minecraft:white_wool":3},"minecraft:mined":{"minecraft:crafting_table":3,"minecraft:ladder":1,"minecraft:tall_grass":2,"minecells:alchemy_equipment_0":1,"minecells:alchemy_equipment_2":1,"bewitchment:elder_leaves":2,"minecraft:furnace":1,"treechop:chopped_log":1,"minecraft:grass":1,"minecraft:vine":1,"minecraft:white_wool":3,"minecells:alchemy_equipment_1":1,"minecraft:deepslate":3}},"DataVersion":3465}