{"stats":{"minecraft:crafted":{"regions_unexplored:mauve_planks":24,"minecraft:iron_chestplate":1,"minecraft:iron_axe":1,"travelersbackpack:standard":1,"minecraft:stick":4,"minecraft:iron_pickaxe":1,"minecraft:iron_ingot":20,"minecraft:iron_helmet":1,"minecraft:chest":1,"minecraft:air":0},"minecraft:used":{"comforts:sleeping_bag_light_gray":1,"minecraft:stone_sword":2,"minecraft:iron_axe":14,"minecraft:bread":7,"minecraft:ladder":1,"minecraft:iron_pickaxe":5,"minecraft:shield":3,"minecraft:diamond_sword":29,"minecraft:crafting_table":1,"minecraft:cobbled_deepslate":2,"minecraft:golden_pickaxe":1},"minecraft:custom":{"minecraft:time_since_rest":11564,"minecraft:sprint_one_cm":62503,"minecraft:interact_with_furnace":17,"lootr:looted_stat":18,"minecraft:damage_taken":303,"minecraft:walk_one_cm":57037,"minecraft:damage_blocked_by_shield":392,"minecraft:mob_kills":3,"minecraft:drop":13,"minecraft:damage_dealt":779,"minecraft:interact_with_crafting_table":9,"minecraft:fly_one_cm":50752,"minecraft:crouch_one_cm":2649,"minecraft:play_time":55509,"minecraft:sneak_time":1552,"minecraft:jump":394,"minecraft:leave_game":2,"minecraft:time_since_death":55509,"minecraft:sleep_in_bed":1,"minecraft:hex":0,"minecraft:total_world_time":55509,"minecraft:climb_one_cm":2829,"minecraft:fall_one_cm":8891},"minecraft:killed":{"minecraft:zombie":1,"minecells:shieldbearer":1,"minecells:grenadier":1},"minecraft:dropped":{"minecraft:dirt":6,"minecells:infected_flesh":1,"ironchests:blank_chest_upgrade":1,"minecraft:raw_copper_block":2,"minecraft:wheat":4,"minecraft:oak_fence":1,"minecraft:rotten_flesh":9,"minecraft:bamboo":29,"minecraft:paper":5,"brewery:corn_seeds":2,"twigs:twig":2,"patchouli:guide_book":1,"minecraft:emerald":1},"minecraft:picked_up":{"minecraft:crafting_table":2,"minecraft:ladder":1,"minecraft:oak_fence":1,"minecells:infected_flesh":1,"minecraft:diamond_sword":1,"minecraft:gunpowder":1,"minecraft:lapis_lazuli":6,"minecraft:dirt":6,"comforts:sleeping_bag_light_gray":2,"minecraft:firework_rocket":3,"minecraft:rotten_flesh":1,"minecells:explosive_bulb":1,"regions_unexplored:mauve_log":6,"minecraft:cobbled_deepslate":2,"twigs:twig":2,"minecraft:bamboo":37,"minecraft:coal":29,"minecraft:white_wool":3,"minecraft:furnace":1},"minecraft:mined":{"bewitchment:elder_leaves":2,"minecraft:furnace":1,"treechop:chopped_log":1,"minecraft:crafting_table":2,"minecraft:ladder":1,"minecraft:grass":1,"minecraft:vine":1,"minecraft:tall_grass":2,"minecraft:white_wool":3,"minecraft:deepslate":3}},"DataVersion":3465}