{"stats":{"minecraft:broken":{"minecraft:diamond_helmet":1,"minecraft:iron_leggings":1,"immersive_armors:heavy_boots":1},"minecraft:dropped":{"minecraft:iron_sword":1,"minecraft:baked_potato":1,"minecraft:diamond":25,"minecraft:crafting_table":1,"philipsruins:cracked_bone":1,"artifacts:shock_pendant":1,"minecells:vine_rune":1,"minecraft:glow_berries":8,"minecraft:lantern":1,"minecells:blood_sword":1,"minecraft:leather":7,"minecraft:chest_minecart":1,"minecraft:cracked_stone_bricks":1,"jewelry:iron_ring":1,"betternether:nether_ruby":6,"minecraft:emerald":3,"artifacts:night_vision_goggles":1,"paladins:golden_mace":1,"minecraft:dirt":6,"minecells:infected_flesh":14,"betternether:nether_ruby_leggings":1,"minecraft:raw_copper_block":2,"beachparty:rubber_ring_pelican":2,"minecraft:chain":3,"minecraft:iron_pickaxe":3,"paladins:diamond_holy_staff":1,"twigs:twig":2,"minecraft:gravel":2,"immersive_armors:heavy_leggings":1,"simplyswords:soulkeeper":1,"simplyswords:runic_tablet":1,"artifacts:power_glove":1,"minecraft:iron_nugget":5,"mcdw:glaive_cackling_broom":1,"minecraft:cobbled_deepslate":13,"jewelry:topaz":2,"minecraft:wheat":4,"minecraft:obsidian":46,"minecraft:rotten_flesh":53,"simplyswords:gold_twinblade":1,"minecraft:golden_shovel":2,"patchouli:guide_book":1,"beachparty:rubber_ring_axolotl":2,"supplementaries:flax_seeds":3,"minecraft:mangrove_log":2,"minecraft:gunpowder":12,"artifacts:umbrella":1,"minecells:balanced_blade":1,"spellbladenext:arcane_orb":1,"minecraft:charcoal":4,"minecraft:leather_boots":1,"minecraft:arrow":2,"minecraft:enchanted_book":1,"minecraft:water_bucket":1,"minecraft:iron_ingot":13,"minecraft:oak_slab":1,"minecraft:wheat_seeds":2,"ironchests:blank_chest_upgrade":1,"minecraft:diamond_leggings":1,"minecraft:oak_fence":2,"minecraft:iron_helmet":3,"minecraft:feather":2,"minecells:greed_shield":2,"minecraft:apple":13,"simplyswords:diamond_warglaive":2,"brewery:corn_seeds":2,"minecraft:coal":6,"minecraft:stick":2,"minecells:bloomrock":7,"simplyswords:hearthflame":1,"artifacts:snorkel":1,"minecells:putrid_fence":2,"artifacts:plastic_drinking_hat":1,"minecraft:iron_door":3,"bewitchment:garlic":1,"minecraft:iron_leggings":2,"minecraft:oak_stairs":1,"simplyswords:iron_rapier":1,"minecraft:iron_axe":1,"paladins:diamond_claymore":1,"minecraft:paper":5,"minecraft:string":17,"minecells:multiple_nocks_bow":1,"simplyswords:iron_cutlass":2,"simplyswords:diamond_cutlass":1,"twigs:rhyolite":1,"minecraft:furnace":1,"betternether:flaming_ruby_upgrade_smithing_template":4,"minecraft:stone_sword":1,"minecraft:bowl":7,"betternether:flaming_ruby_chestplate":1,"minecraft:raw_iron":1,"minecraft:iron_boots":2,"minecraft:stripped_oak_log":2,"regions_unexplored:mauve_planks":1,"minecells:assassins_dagger":1,"simplyswords:watcher_claymore":2,"minecraft:diamond_sword":1,"minecraft:potato":3,"minecraft:shield":1,"jewelry:tanzanite":2,"fishofthieves:earthworms":1,"minecraft:diamond_chestplate":1,"minecraft:iron_chestplate":1,"minecraft:diamond_pickaxe":1,"minecells:health_flask":1,"minecraft:spider_eye":5,"simplyswords:iron_spear":1,"minecraft:bamboo":29,"minecraft:raw_gold":2,"simplyswords:waxweaver":1,"simplyswords:iron_warglaive":1,"artifacts:fire_gauntlet":1},"minecraft:custom":{"lootr:looted_stat":215,"minecraft:interact_with_crafting_table":35,"minecraft:leave_game":6,"minecraft:time_since_death":15180,"minecraft:damage_resisted":472,"minecraft:sprint_one_cm":700788,"minecraft:damage_blocked_by_shield":2989,"minecraft:drop":152,"minecraft:play_time":332059,"minecraft:deaths":5,"minecraft:jump":4210,"minecraft:interact_with_brewingstand":1,"minecraft:walk_on_water_one_cm":13449,"minecraft:interact_with_furnace":23,"minecraft:sleep_in_bed":7,"minecraft:damage_dealt":47088,"minecraft:player_kills":1,"minecraft:crouch_one_cm":21066,"minecraft:interact_with_smoker":2,"minecraft:interact_with_smithing_table":5,"minecraft:mob_kills":244,"minecraft:interact_with_anvil":33,"minecraft:damage_dealt_resisted":0,"minecraft:climb_one_cm":16492,"minecraft:walk_one_cm":790034,"minecraft:sneak_time":9639,"minecraft:walk_under_water_one_cm":14544,"minecraft:interact_with_blast_furnace":2,"minecraft:total_world_time":332059,"minecraft:hex":0,"minecraft:time_since_rest":15211,"minecraft:damage_taken":10599,"minecraft:damage_absorbed":645,"minecraft:swim_one_cm":5139,"minecraft:fly_one_cm":1043066,"minecraft:open_chest":141,"minecraft:threat":14,"minecraft:fall_one_cm":223734},"minecraft:killed_by":{"minecraft:witch":1,"minecraft:stray":1},"minecraft:killed":{"minecraft:cave_spider":14,"minecraft:witch":3,"minecraft:spider":9,"minecraft:skeleton":21,"minecells:leaping_zombie":66,"minecells:protector":9,"minecells:grenadier":11,"artifacts:mimic":1,"minecraft:parrot":1,"minecraft:zombie_villager":1,"minecraft:pillager":1,"tinyskeletons:baby_skeleton":3,"minecraft:zombie":33,"minecraft:stray":6,"minecells:shieldbearer":6,"minecraft:blaze":4,"minecells:mutated_bat":2,"minecraft:vindicator":5,"minecells:undead_archer":6,"graveyard:ghoul":1,"minecells:runner":12,"minecraft:bat":1,"minecraft:wither_skeleton":4,"minecraft:villager":2},"minecraft:picked_up":{"minecraft:iron_chestplate":1,"minecraft:wheat":2,"beachparty:rubber_ring_axolotl":1,"simplyswords:watcher_claymore":1,"minecraft:nether_brick_fence":2,"minecraft:anvil":2,"betternether:pig_statue_respawner":5,"artifacts:umbrella":1,"minecraft:smithing_table":1,"minecraft:diamond_sword":2,"betternether:lumabus_seed":4,"minecraft:oak_stairs":7,"soulsweapons:moonstone":7,"minecraft:enchanted_book":3,"supplementaries:jar":1,"minecraft:string":44,"minecraft:iron_leggings":1,"minecraft:diamond_leggings":1,"minecraft:cobbled_deepslate":17,"minecraft:iron_pickaxe":1,"minecraft:furnace":3,"minecells:transposition_core":1,"minecraft:mangrove_log":2,"minecells:guts":24,"minecraft:stick":2,"simplyswords:waxweaver":1,"minecraft:oak_fence":2,"ironchests:blank_chest_upgrade":2,"minecells:balanced_blade":1,"minecells:putrid_fence":5,"simplyswords:diamond_warglaive":1,"minecraft:rotten_flesh":56,"regions_unexplored:mauve_log":6,"minecraft:blaze_rod":4,"minecraft:obsidian":10,"minecraft:iron_bars":2,"minecraft:cobblestone":45,"betternether:glowstone_pile":3,"betternether:quartz_glass_framed_pane_blue":2,"minecraft:feather":2,"minecraft:iron_door":3,"minecraft:water_bucket":1,"minecraft:smoker":1,"supplementaries:flax_seeds":9,"mcdw:glaive_cackling_broom":1,"minecraft:dirt":18,"minecraft:lapis_lazuli":6,"lootr:trophy":2,"minecraft:lantern":1,"artifacts:shock_pendant":1,"minecraft:leather_boots":1,"minecraft:bone":41,"minecraft:chipped_anvil":3,"frostiful:frost_tipped_arrow":1,"minecraft:wheat_seeds":2,"minecraft:bell":1,"jewelry:sapphire":1,"fishofthieves:earthworms":1,"minecraft:bamboo":37,"twigs:twig":2,"minecraft:oak_planks":14,"patchouli:guide_book":1,"minecells:firebrands":26,"mcdw:sword_hawkbrand":1,"minecells:metal_shards":8,"minecraft:diamond_block":1,"regions_unexplored:mauve_planks":2,"beachparty:rubber_ring_pelican":1,"minecraft:diamond":26,"minecells:explosive_bulb":4,"minecells:bloomrock":22,"soulsweapons:verglas":2,"minecraft:emerald":10,"twigs:rhyolite":1,"minecraft:netherrack":4,"minecraft:charcoal":4,"minecraft:crafting_table":8,"minecraft:ladder":1,"minecraft:clay_ball":16,"minecraft:chest_minecart":1,"jewelry:citrine":1,"minecraft:gold_block":5,"minecraft:iron_axe":2,"artifacts:power_glove":1,"minecraft:iron_shovel":1,"minecraft:cracked_stone_bricks":1,"minecells:vine_rune":2,"minecraft:iron_nugget":5,"minecraft:chest":1,"minecraft:raw_iron":4,"philipsruins:cracked_bone":1,"minecraft:oak_door":2,"jewelry:jade":1,"minecells:monsters_eye":7,"simplyswords:iron_cutlass":1,"artifacts:snorkel":1,"jewelry:ruby":1,"bewitchment:garlic":1,"minecraft:arrow":30,"artifacts:pocket_piston":1,"minecraft:white_wool":3,"minecraft:stripped_oak_log":10,"minecraft:gunpowder":8,"betternether:cincinnasite_pedestal":1,"comforts:sleeping_bag_light_gray":2,"jewelry:tanzanite":2,"minecraft:iron_ingot":51,"minecraft:book":33,"minecraft:oak_slab":9,"jewelry:topaz":3,"minecells:monster_cell":46,"minecells:infected_flesh":38,"minecraft:gravel":2,"minecraft:spider_eye":6,"minecells:multiple_nocks_bow":1,"minecraft:firework_rocket":3,"minecells:greed_shield":1,"minecraft:baked_potato":1,"simplyswords:iron_chakram":1,"minecraft:damaged_anvil":1,"minecraft:coal":31,"minecells:blood_sword":2},"minecraft:mined":{"minecells:putrid_fence":4,"betternether:cincinnasite_pedestal":1,"minecraft:obsidian":9,"philipsruins:cracked_bone":1,"minecraft:grass_block":2,"archon:cloud_iron":1,"minecraft:spawner":14,"philipsruins:bone_bricks_wall":1,"minecraft:iron_ore":1,"minecraft:fire":2,"minecraft:anvil":2,"minecraft:oak_stairs":7,"minecraft:iron_bars":3,"supplementaries:jar":1,"lootr:lootr_chest":1,"soulsweapons:verglas_ore_deepslate":2,"minecraft:smoker":1,"minecraft:cobblestone":18,"minecraft:oak_planks":14,"minecraft:damaged_anvil":1,"minecraft:iron_door":2,"minecells:alchemy_equipment_2":3,"minecells:bloomrock":5,"lootr:trophy":2,"regions_unexplored:sandy_tall_grass":1,"regions_unexplored:mauve_planks":2,"minecraft:grass":14,"minecraft:dirt":10,"minecraft:dispenser":2,"minecraft:netherrack":5,"minecells:bloomrock_wilted_grass_block":2,"philipsruins:bone_bricks_slab":1,"minecraft:deepslate":26,"betternether:quartz_glass_framed_pane_blue":2,"minecraft:deepslate_diamond_ore":26,"minecraft:oak_door":2,"minecraft:ladder":1,"supplementaries:rope":1,"minecraft:furnace":2,"minecraft:diamond_block":1,"treechop:chopped_log":1,"minecraft:gold_block":5,"betternether:pig_statue_respawner":5,"minecraft:nether_brick_fence":2,"soulsweapons:moonstone_ore_deepslate":7,"minecraft:bookshelf":14,"minecraft:deepslate_iron_ore":14,"minecraft:vine":9,"minecraft:stripped_oak_log":8,"regions_unexplored:medium_grass":6,"minecraft:stone":28,"regions_unexplored:windswept_grass":9,"minecraft:white_wool":3,"minecells:alchemy_equipment_1":2,"minecraft:smithing_table":1,"minecraft:oak_slab":7,"minecraft:glass_pane":2,"minecells:wilted_leaves":1,"minecraft:oak_fence":1,"minecraft:crafting_table":8,"minecraft:tall_grass":2,"minecells:alchemy_equipment_0":4,"supplementaries:urn":8,"jewelry:deepslate_gem_vein":8,"bewitchment:elder_leaves":2,"regions_unexplored:sandy_grass":1,"minecraft:gravel":3,"minecraft:cobweb":41,"minecraft:cracked_stone_bricks":4,"minecraft:stone_bricks":6,"minecraft:chipped_anvil":3,"minecraft:fern":1},"minecraft:used":{"minecraft:ladder":1,"minecraft:chest":4,"minecraft:shield":34,"lootr:trophy":3,"minecraft:obsidian":21,"farmersdelight:fried_rice":7,"minecells:balanced_blade":207,"minecraft:furnace":2,"simplyswords:waxweaver":1,"minecraft:potato":3,"betternether:cincinnasite_pedestal":1,"spellbladenext:arcane_claymore":201,"minecraft:damaged_anvil":1,"minecraft:diamond_boots":1,"minecraft:oak_planks":18,"betternether:quartz_glass_framed_pane_blue":2,"minecraft:cookie":10,"minecraft:golden_apple":20,"minecraft:glow_berries":4,"regions_unexplored:mauve_planks":17,"simplyswords:watcher_claymore":9,"betternether:pig_statue_respawner":5,"minecraft:bread":55,"minecraft:diamond_sword":176,"minecraft:smithing_table":1,"minecraft:golden_pickaxe":1,"create:clipboard":2,"minecraft:stone_sword":2,"minecraft:flint_and_steel":1,"minecraft:netherrack":4,"minecraft:dirt":12,"minecraft:anvil":2,"simplyswords:diamond_longsword":4,"minecraft:diamond_helmet":2,"supplementaries:jar":1,"minecells:monsters_eye":5,"minecraft:chipped_anvil":3,"minecraft:iron_axe":88,"minecells:blood_sword":262,"minecells:guts":39,"minecraft:golden_carrot":1,"minecraft:cobbled_deepslate":4,"comforts:sleeping_bag_light_gray":1,"minecraft:water_bucket":1,"immersive_armors:heavy_leggings":1,"minecraft:crafting_table":7,"supplementaries:bomb":3,"simplyswords:gold_twinblade":23,"minecraft:smoker":1,"minecraft:diamond_pickaxe":104,"minecraft:iron_pickaxe":136,"simplyswords:soulkeeper":120,"simplyswords:wickpiercer":569,"supplementaries:rope":1,"simplyswords:hearthflame":1,"minecraft:cobblestone":89,"minecraft:bucket":1,"minecraft:diamond_leggings":2,"minecraft:splash_potion":1},"minecraft:crafted":{"minecraft:oak_planks":32,"immersive_armors:heavy_boots":1,"minecraft:diamond_helmet":2,"minecraft:diamond_leggings":1,"minecraft:chest":4,"minecraft:golden_boots":1,"travelersbackpack:iron_tier_upgrade":1,"minecraft:iron_helmet":1,"travelersbackpack:standard":1,"minecraft:iron_chestplate":1,"minecraft:diamond_pickaxe":1,"jewelry:netherite_sapphire_ring":1,"minecraft:stick":8,"minecraft:iron_ingot":20,"minecraft:iron_pickaxe":1,"minecraft:iron_block":8,"minecraft:gold_ingot":45,"minecraft:netherite_ingot":27,"minecells:cell_infused_steel":2,"jewelry:netherite_ruby_ring":1,"minecraft:diamond":9,"regions_unexplored:mauve_planks":24,"minecraft:iron_axe":1,"minecraft:diamond_boots":1,"immersive_armors:heavy_leggings":1,"minecraft:air":0,"minecraft:golden_apple":24,"minecraft:gold_nugget":9,"minecraft:anvil":1,"minecraft:diamond_chestplate":1}},"DataVersion":3465}