{"stats":{"minecraft:crafted":{"minecraft:iron_chestplate":1,"minecraft:iron_axe":1,"minecraft:stick":4,"minecraft:iron_pickaxe":1,"minecraft:iron_ingot":20,"minecraft:iron_helmet":1,"minecraft:air":0},"minecraft:used":{"minecraft:iron_axe":5,"minecraft:bread":6,"minecraft:ladder":1,"minecraft:iron_pickaxe":5,"minecraft:cobbled_deepslate":2,"minecraft:golden_pickaxe":1},"minecraft:custom":{"minecraft:time_since_rest":43509,"minecraft:sprint_one_cm":42117,"minecraft:interact_with_furnace":17,"lootr:looted_stat":10,"minecraft:damage_taken":272,"minecraft:walk_one_cm":41791,"minecraft:drop":1,"minecraft:damage_dealt":126,"minecraft:interact_with_crafting_table":4,"minecraft:fly_one_cm":35596,"minecraft:crouch_one_cm":2649,"minecraft:play_time":43509,"minecraft:sneak_time":1536,"minecraft:jump":303,"minecraft:leave_game":2,"minecraft:time_since_death":43509,"minecraft:hex":0,"minecraft:total_world_time":43509,"minecraft:climb_one_cm":985,"minecraft:fall_one_cm":7170},"minecraft:dropped":{"minecraft:dirt":6},"minecraft:picked_up":{"minecraft:crafting_table":1,"minecraft:ladder":1,"minecraft:diamond_sword":1,"minecraft:dirt":6,"minecraft:firework_rocket":3,"minecraft:rotten_flesh":1,"minecraft:cobbled_deepslate":2,"minecraft:bamboo":37,"minecraft:coal":29,"minecraft:furnace":1},"minecraft:mined":{"bewitchment:elder_leaves":2,"minecraft:furnace":1,"minecraft:crafting_table":1,"minecraft:ladder":1,"minecraft:vine":1,"minecraft:tall_grass":2,"minecraft:deepslate":3}},"DataVersion":3465}