{"stats":{"minecraft:crafted":{"travelersbackpack:standard":1,"minecraft:iron_helmet":1,"immersive_armors:heavy_leggings":1,"minecraft:air":0,"immersive_armors:heavy_boots":1,"minecraft:diamond_helmet":1,"regions_unexplored:mauve_planks":24,"minecraft:iron_chestplate":1,"minecraft:iron_axe":1,"minecraft:stick":4,"minecraft:iron_ingot":20,"minecraft:iron_pickaxe":1,"minecraft:iron_block":5,"minecraft:chest":1,"minecraft:diamond_chestplate":1},"minecraft:custom":{"lootr:looted_stat":84,"minecraft:interact_with_furnace":17,"minecraft:mob_kills":50,"minecraft:interact_with_crafting_table":19,"minecraft:damage_dealt_resisted":0,"minecraft:leave_game":3,"minecraft:time_since_death":28999,"minecraft:sleep_in_bed":1,"minecraft:climb_one_cm":2829,"minecraft:damage_resisted":187,"minecraft:hex":0,"minecraft:time_since_rest":29098,"minecraft:sprint_one_cm":208359,"minecraft:damage_taken":1655,"minecraft:walk_one_cm":175954,"minecraft:damage_blocked_by_shield":2989,"minecraft:drop":24,"minecraft:damage_dealt":10542,"minecraft:fly_one_cm":133531,"minecraft:open_chest":2,"minecraft:crouch_one_cm":3357,"minecraft:play_time":103271,"minecraft:deaths":1,"minecraft:sneak_time":1673,"minecraft:jump":833,"minecraft:walk_on_water_one_cm":79,"minecraft:total_world_time":103271,"minecraft:fall_one_cm":15871},"minecraft:used":{"comforts:sleeping_bag_light_gray":1,"minecraft:stone_sword":2,"minecraft:ladder":1,"minecraft:shield":34,"minecraft:crafting_table":4,"simplyswords:diamond_longsword":4,"minecraft:iron_axe":24,"minecraft:bread":12,"minecraft:iron_pickaxe":14,"simplyswords:wickpiercer":41,"simplyswords:soulkeeper":92,"minecells:guts":10,"minecells:balanced_blade":26,"minecraft:diamond_sword":176,"minecraft:cobbled_deepslate":2,"minecraft:golden_pickaxe":1},"minecraft:killed":{"minecells:mutated_bat":1,"minecells:runner":2,"minecells:undead_archer":6,"minecraft:zombie":1,"minecells:shieldbearer":6,"minecells:leaping_zombie":21,"minecells:protector":3,"minecells:grenadier":10},"minecraft:dropped":{"simplyswords:diamond_cutlass":1,"ironchests:blank_chest_upgrade":1,"minecraft:stone_sword":1,"minecraft:wheat":4,"minecraft:oak_fence":1,"minecraft:iron_helmet":1,"minecraft:rotten_flesh":9,"minecraft:iron_boots":1,"brewery:corn_seeds":2,"patchouli:guide_book":1,"minecraft:emerald":1,"minecraft:dirt":6,"minecells:infected_flesh":3,"minecraft:shield":1,"minecraft:gunpowder":7,"minecraft:raw_copper_block":2,"minecraft:iron_chestplate":1,"minecraft:iron_leggings":1,"minecraft:bamboo":29,"simplyswords:iron_rapier":1,"minecraft:raw_gold":2,"minecraft:paper":5,"twigs:twig":2},"minecraft:picked_up":{"minecraft:crafting_table":5,"minecraft:iron_chestplate":1,"minecraft:ladder":1,"minecraft:diamond_sword":1,"minecraft:gunpowder":7,"minecraft:dirt":6,"minecraft:lapis_lazuli":6,"comforts:sleeping_bag_light_gray":2,"minecraft:iron_leggings":1,"minecraft:cobbled_deepslate":2,"minecraft:bamboo":37,"twigs:twig":2,"minecells:transposition_core":1,"minecraft:furnace":1,"minecells:guts":9,"minecells:balanced_blade":1,"minecraft:oak_fence":1,"minecells:monster_cell":17,"minecells:infected_flesh":11,"minecells:metal_shards":3,"minecraft:firework_rocket":3,"minecraft:rotten_flesh":19,"minecells:explosive_bulb":3,"regions_unexplored:mauve_log":6,"minecraft:coal":29,"minecraft:white_wool":3},"minecraft:mined":{"minecells:putrid_fence":1,"minecells:wilted_leaves":1,"minecraft:crafting_table":5,"minecraft:ladder":1,"minecraft:tall_grass":2,"minecells:alchemy_equipment_0":4,"minecells:alchemy_equipment_2":3,"bewitchment:elder_leaves":2,"minecraft:furnace":1,"treechop:chopped_log":1,"minecraft:grass":1,"minecraft:vine":1,"minecraft:white_wool":3,"minecells:alchemy_equipment_1":2,"minecraft:deepslate":3}},"DataVersion":3465}