{"stats":{"minecraft:crafted":{"minecraft:iron_chestplate":1,"minecraft:iron_axe":1,"minecraft:stick":4,"minecraft:iron_helmet":1,"minecraft:air":0,"minecraft:iron_ingot":20,"minecraft:iron_pickaxe":1},"minecraft:used":{"minecraft:iron_axe":1,"minecraft:bread":2,"minecraft:iron_pickaxe":3,"minecraft:golden_pickaxe":1,"minecraft:cobbled_deepslate":1},"minecraft:custom":{"minecraft:time_since_rest":31509,"minecraft:play_time":31509,"minecraft:crouch_one_cm":1278,"lootr:looted_stat":4,"minecraft:interact_with_furnace":17,"minecraft:sprint_one_cm":6415,"minecraft:damage_taken":216,"minecraft:walk_one_cm":17369,"minecraft:sneak_time":1241,"minecraft:drop":1,"minecraft:jump":114,"minecraft:leave_game":2,"minecraft:time_since_death":31509,"minecraft:interact_with_crafting_table":4,"minecraft:total_world_time":31509,"minecraft:fly_one_cm":6922,"minecraft:hex":0,"minecraft:fall_one_cm":2041},"minecraft:dropped":{"minecraft:dirt":6},"minecraft:picked_up":{"minecraft:crafting_table":1,"minecraft:firework_rocket":3,"minecraft:rotten_flesh":1,"minecraft:diamond_sword":1,"minecraft:cobbled_deepslate":2,"minecraft:bamboo":37,"minecraft:coal":29,"minecraft:dirt":6,"minecraft:furnace":1},"minecraft:mined":{"minecraft:furnace":1,"minecraft:deepslate":3,"minecraft:crafting_table":1}},"DataVersion":3465}