{"stats":{"minecraft:crafted":{"minecraft:iron_helmet":1,"travelersbackpack:standard":1,"minecraft:air":0,"minecraft:iron_chestplate":1,"regions_unexplored:mauve_planks":24,"minecraft:iron_axe":1,"minecraft:stick":4,"minecraft:iron_ingot":20,"minecraft:iron_pickaxe":1,"minecraft:chest":1},"minecraft:used":{"comforts:sleeping_bag_light_gray":1,"minecraft:stone_sword":2,"minecraft:ladder":1,"minecraft:shield":32,"minecraft:crafting_table":1,"minecraft:iron_axe":19,"minecraft:bread":8,"minecraft:iron_pickaxe":5,"simplyswords:soulkeeper":8,"minecells:guts":4,"minecraft:diamond_sword":138,"minecraft:cobbled_deepslate":2,"minecraft:golden_pickaxe":1},"minecraft:custom":{"lootr:looted_stat":40,"minecraft:interact_with_furnace":17,"minecraft:mob_kills":16,"minecraft:interact_with_crafting_table":9,"minecraft:damage_dealt_resisted":0,"minecraft:leave_game":2,"minecraft:time_since_death":67509,"minecraft:sleep_in_bed":1,"minecraft:climb_one_cm":2829,"minecraft:damage_resisted":38,"minecraft:hex":0,"minecraft:time_since_rest":23564,"minecraft:sprint_one_cm":105413,"minecraft:damage_taken":660,"minecraft:walk_one_cm":97322,"minecraft:damage_blocked_by_shield":2779,"minecraft:drop":16,"minecraft:damage_dealt":3935,"minecraft:fly_one_cm":67458,"minecraft:crouch_one_cm":2811,"minecraft:play_time":67509,"minecraft:sneak_time":1582,"minecraft:jump":492,"minecraft:total_world_time":67509,"minecraft:fall_one_cm":10340},"minecraft:killed":{"minecells:undead_archer":3,"minecraft:zombie":1,"minecells:shieldbearer":5,"minecells:leaping_zombie":4,"minecells:grenadier":3},"minecraft:dropped":{"ironchests:blank_chest_upgrade":1,"minecraft:stone_sword":1,"minecraft:wheat":4,"minecraft:oak_fence":1,"minecraft:rotten_flesh":9,"brewery:corn_seeds":2,"patchouli:guide_book":1,"minecraft:emerald":1,"minecraft:dirt":6,"minecells:infected_flesh":1,"minecraft:gunpowder":7,"minecraft:raw_copper_block":2,"minecraft:bamboo":29,"minecraft:raw_gold":2,"minecraft:paper":5,"twigs:twig":2},"minecraft:picked_up":{"minecraft:crafting_table":2,"minecraft:ladder":1,"minecraft:diamond_sword":1,"minecraft:gunpowder":4,"minecraft:lapis_lazuli":6,"minecraft:dirt":6,"comforts:sleeping_bag_light_gray":2,"minecraft:cobbled_deepslate":2,"minecraft:bamboo":37,"twigs:twig":2,"minecraft:furnace":1,"minecells:guts":2,"minecraft:oak_fence":1,"minecells:monster_cell":3,"minecells:infected_flesh":3,"minecraft:firework_rocket":3,"minecraft:rotten_flesh":6,"minecells:explosive_bulb":3,"regions_unexplored:mauve_log":6,"minecraft:coal":29,"minecraft:white_wool":3},"minecraft:mined":{"minecraft:crafting_table":2,"minecraft:ladder":1,"minecraft:tall_grass":2,"minecraft:furnace":1,"bewitchment:elder_leaves":2,"treechop:chopped_log":1,"minecraft:grass":1,"minecraft:vine":1,"minecraft:white_wool":3,"minecraft:deepslate":3}},"DataVersion":3465}