{"stats":{"minecraft:broken":{"minecraft:diamond_helmet":1,"minecraft:iron_leggings":1},"minecraft:crafted":{"minecraft:oak_planks":32,"minecells:cell_infused_steel":2,"immersive_armors:heavy_boots":1,"minecraft:diamond_helmet":1,"regions_unexplored:mauve_planks":24,"minecraft:iron_axe":1,"minecraft:chest":4,"minecraft:iron_helmet":1,"travelersbackpack:standard":1,"immersive_armors:heavy_leggings":1,"minecraft:air":0,"minecraft:iron_chestplate":1,"minecraft:golden_apple":8,"minecraft:stick":4,"minecraft:iron_ingot":20,"minecraft:iron_pickaxe":1,"minecraft:iron_block":8,"minecraft:anvil":1,"minecraft:diamond_chestplate":1},"minecraft:used":{"minecraft:stone_sword":2,"minecraft:ladder":1,"minecraft:chest":4,"minecraft:shield":34,"lootr:trophy":2,"minecraft:anvil":1,"simplyswords:diamond_longsword":4,"minecraft:chipped_anvil":3,"minecraft:iron_axe":72,"minecells:blood_sword":71,"minecells:guts":39,"minecells:balanced_blade":207,"minecraft:furnace":2,"simplyswords:waxweaver":1,"minecraft:cobbled_deepslate":2,"comforts:sleeping_bag_light_gray":1,"minecraft:oak_planks":6,"immersive_armors:heavy_leggings":1,"minecraft:golden_apple":7,"minecraft:crafting_table":7,"supplementaries:bomb":3,"simplyswords:gold_twinblade":23,"regions_unexplored:mauve_planks":17,"simplyswords:watcher_claymore":9,"minecraft:smoker":1,"minecraft:bread":34,"minecraft:iron_pickaxe":114,"simplyswords:soulkeeper":118,"simplyswords:wickpiercer":414,"minecraft:diamond_sword":176,"minecraft:cobblestone":34,"minecraft:golden_pickaxe":1},"minecraft:custom":{"minecraft:interact_with_smithing_table":2,"lootr:looted_stat":119,"minecraft:mob_kills":149,"minecraft:interact_with_anvil":11,"minecraft:interact_with_crafting_table":25,"minecraft:damage_dealt_resisted":0,"minecraft:leave_game":4,"minecraft:time_since_death":103997,"minecraft:climb_one_cm":6582,"minecraft:damage_resisted":404,"minecraft:sprint_one_cm":407593,"minecraft:walk_one_cm":398025,"minecraft:damage_blocked_by_shield":2989,"minecraft:drop":72,"minecraft:play_time":178269,"minecraft:walk_under_water_one_cm":6481,"minecraft:deaths":1,"minecraft:sneak_time":4658,"minecraft:jump":2124,"minecraft:walk_on_water_one_cm":6196,"minecraft:total_world_time":178269,"minecraft:interact_with_furnace":17,"minecraft:sleep_in_bed":3,"minecraft:hex":0,"minecraft:time_since_rest":31061,"minecraft:damage_taken":4147,"minecraft:damage_absorbed":278,"minecraft:damage_dealt":32095,"minecraft:swim_one_cm":4239,"minecraft:fly_one_cm":447405,"minecraft:open_chest":21,"minecraft:crouch_one_cm":9684,"minecraft:fall_one_cm":69182},"minecraft:killed":{"minecraft:cave_spider":2,"minecells:mutated_bat":2,"minecraft:spider":1,"minecells:undead_archer":6,"minecraft:skeleton":8,"minecells:leaping_zombie":66,"minecells:protector":9,"minecells:grenadier":11,"graveyard:ghoul":1,"minecells:runner":12,"minecraft:zombie":18,"minecells:shieldbearer":6,"minecraft:villager":2},"minecraft:dropped":{"minecraft:enchanted_book":1,"minecraft:oak_slab":1,"ironchests:blank_chest_upgrade":1,"minecraft:crafting_table":1,"minecraft:oak_fence":2,"minecells:vine_rune":1,"minecraft:iron_helmet":1,"minecraft:glow_berries":8,"minecells:greed_shield":2,"minecells:blood_sword":1,"minecraft:chest_minecart":1,"minecraft:cracked_stone_bricks":1,"brewery:corn_seeds":2,"minecraft:emerald":3,"minecells:bloomrock":7,"minecraft:dirt":6,"minecells:infected_flesh":14,"minecraft:raw_copper_block":2,"minecells:putrid_fence":2,"beachparty:rubber_ring_pelican":2,"minecraft:iron_leggings":1,"minecraft:chain":3,"minecraft:oak_stairs":1,"simplyswords:iron_rapier":1,"minecraft:paper":5,"minecraft:string":14,"minecells:multiple_nocks_bow":1,"twigs:twig":2,"minecraft:gravel":2,"simplyswords:diamond_cutlass":1,"minecraft:furnace":1,"minecraft:cobbled_deepslate":2,"minecraft:stone_sword":1,"minecraft:wheat":4,"minecraft:raw_iron":1,"minecraft:rotten_flesh":16,"minecraft:iron_boots":1,"simplyswords:gold_twinblade":1,"regions_unexplored:mauve_planks":1,"minecells:assassins_dagger":1,"simplyswords:watcher_claymore":1,"patchouli:guide_book":1,"beachparty:rubber_ring_axolotl":2,"minecraft:diamond_sword":1,"minecraft:shield":1,"minecraft:mangrove_log":2,"minecraft:gunpowder":12,"artifacts:umbrella":1,"fishofthieves:earthworms":1,"minecraft:iron_chestplate":1,"minecraft:charcoal":4,"simplyswords:iron_spear":1,"minecraft:bamboo":29,"minecraft:raw_gold":2,"simplyswords:waxweaver":1,"simplyswords:iron_warglaive":1},"minecraft:picked_up":{"minecraft:clay_ball":16,"minecraft:charcoal":4,"minecraft:iron_chestplate":1,"minecraft:crafting_table":8,"minecraft:wheat":2,"jewelry:citrine":1,"beachparty:rubber_ring_axolotl":1,"simplyswords:watcher_claymore":1,"minecraft:ladder":1,"minecraft:smithing_table":1,"minecraft:chest_minecart":1,"artifacts:umbrella":1,"minecraft:diamond_sword":2,"soulsweapons:moonstone":3,"minecraft:oak_stairs":7,"minecraft:enchanted_book":3,"minecraft:string":14,"minecraft:iron_leggings":1,"minecraft:iron_shovel":1,"minecraft:cracked_stone_bricks":1,"minecraft:cobbled_deepslate":4,"minecells:vine_rune":2,"minecraft:iron_pickaxe":1,"minecraft:chest":1,"minecells:transposition_core":1,"minecraft:mangrove_log":2,"minecraft:furnace":3,"minecells:guts":24,"minecraft:raw_iron":1,"minecraft:oak_door":2,"simplyswords:waxweaver":1,"minecraft:oak_fence":2,"minecells:monsters_eye":6,"minecells:balanced_blade":1,"minecells:putrid_fence":5,"minecraft:arrow":10,"minecraft:rotten_flesh":51,"regions_unexplored:mauve_log":6,"minecraft:white_wool":3,"minecraft:cobblestone":43,"minecraft:stripped_oak_log":9,"minecraft:smoker":1,"minecraft:gunpowder":8,"minecraft:lapis_lazuli":6,"minecraft:dirt":18,"lootr:trophy":2,"comforts:sleeping_bag_light_gray":2,"minecraft:bone":13,"minecraft:chipped_anvil":3,"minecraft:bell":1,"minecraft:iron_ingot":42,"fishofthieves:earthworms":1,"minecraft:bamboo":37,"twigs:twig":2,"minecraft:oak_planks":9,"minecraft:book":12,"minecraft:oak_slab":8,"minecells:monster_cell":46,"minecells:infected_flesh":38,"minecraft:gravel":2,"minecells:metal_shards":8,"beachparty:rubber_ring_pelican":1,"regions_unexplored:mauve_planks":2,"minecells:multiple_nocks_bow":1,"minecraft:firework_rocket":3,"minecraft:diamond":24,"minecells:explosive_bulb":4,"minecells:bloomrock":22,"minecells:greed_shield":1,"minecraft:emerald":5,"minecraft:damaged_anvil":1,"simplyswords:iron_chakram":1,"minecells:blood_sword":2,"minecraft:coal":29},"minecraft:mined":{"minecells:putrid_fence":4,"minecraft:deepslate_diamond_ore":24,"minecraft:oak_door":2,"minecraft:ladder":1,"minecraft:grass_block":2,"minecraft:spawner":1,"minecraft:furnace":2,"minecraft:iron_ore":1,"treechop:chopped_log":1,"soulsweapons:moonstone_ore_deepslate":3,"minecraft:bookshelf":4,"minecraft:deepslate_iron_ore":5,"minecraft:vine":4,"minecraft:oak_stairs":7,"minecraft:stripped_oak_log":8,"minecraft:stone":28,"minecraft:white_wool":3,"minecells:alchemy_equipment_1":2,"minecraft:smithing_table":1,"minecraft:oak_slab":6,"lootr:lootr_chest":1,"minecraft:smoker":1,"minecells:wilted_leaves":1,"minecraft:oak_fence":1,"minecraft:crafting_table":8,"minecraft:tall_grass":2,"minecraft:cobblestone":13,"minecells:alchemy_equipment_0":4,"minecraft:damaged_anvil":1,"minecraft:oak_planks":10,"minecells:alchemy_equipment_2":3,"supplementaries:urn":4,"minecells:bloomrock":5,"jewelry:deepslate_gem_vein":1,"lootr:trophy":2,"bewitchment:elder_leaves":2,"regions_unexplored:mauve_planks":2,"minecraft:grass":6,"minecraft:gravel":3,"minecraft:dirt":10,"minecraft:cobweb":7,"minecraft:cracked_stone_bricks":1,"minecells:bloomrock_wilted_grass_block":2,"minecraft:chipped_anvil":3,"minecraft:deepslate":6}},"DataVersion":3465}