{"stats":{"minecraft:broken":{"minecraft:iron_boots":1,"minecraft:iron_helmet":1},"minecraft:used":{"minecraft:stone_sword":30,"minecraft:chest":1,"minecraft:shield":6,"minecraft:iron_sword":172,"twigs:roseate_seashell":2,"minecraft:rotten_flesh":1,"minecraft:torch":58,"techreborn:deepslate_galena_ore":1,"minecells:monsters_eye":2,"minecraft:wooden_axe":24,"simplyswords:diamond_cutlass":5,"minecells:guts":23,"minecells:balanced_blade":12,"simplyswords:iron_scythe":8,"minecraft:furnace":6,"minecraft:cobbled_deepslate":2,"minecraft:light_gray_bed":4,"beachparty:sand_slab":1,"simplyswords:diamond_katana":194,"simplyswords:gold_spear":11,"minecraft:stone_pickaxe":69,"minecraft:baked_potato":12,"minecells:prison_bricks":1,"minecraft:crafting_table":10,"promenade:cooked_duck":2,"minecraft:firework_rocket":3,"minecraft:bread":19,"minecraft:iron_pickaxe":92,"minecraft:stone_axe":20,"minecraft:diamond_sword":15,"travelersbackpack:standard":1,"naturalist:cooked_duck":1},"minecraft:custom":{"lootr:looted_stat":79,"minecraft:mob_kills":70,"minecraft:interact_with_crafting_table":26,"minecraft:damage_dealt_resisted":0,"minecraft:leave_game":1,"minecraft:time_since_death":122467,"minecraft:climb_one_cm":3183,"minecraft:damage_resisted":0,"minecraft:sprint_one_cm":463536,"minecraft:walk_one_cm":242599,"minecraft:damage_blocked_by_shield":690,"minecraft:drop":63,"minecraft:play_time":126462,"minecraft:sneak_time":6148,"minecraft:deaths":1,"minecraft:walk_under_water_one_cm":4863,"minecraft:jump":800,"minecraft:walk_on_water_one_cm":16612,"minecraft:total_world_time":126462,"minecraft:interact_with_furnace":26,"minecraft:sleep_in_bed":5,"minecraft:hex":0,"minecraft:time_since_rest":65402,"minecraft:damage_taken":3012,"minecraft:damage_dealt":12079,"minecraft:swim_one_cm":57789,"minecraft:fly_one_cm":151636,"minecraft:open_chest":1,"minecraft:crouch_one_cm":15819,"minecraft:fall_one_cm":18060},"minecraft:crafted":{"naturalist:cooked_duck":1,"minecraft:oak_planks":20,"minecells:cell_infused_steel":5,"minecraft:furnace":3,"minecraft:diamond_helmet":1,"regions_unexplored:mauve_planks":20,"minecraft:iron_boots":2,"minecraft:stone_pickaxe":1,"minecraft:chest":1,"minecraft:dark_oak_planks":20,"minecraft:diamond_sword":2,"minecraft:crafting_table":3,"minecraft:iron_helmet":1,"travelersbackpack:standard":1,"minecraft:iron_sword":1,"promenade:cooked_duck":2,"minecraft:stone_axe":1,"comforts:sleeping_bag_light_gray":2,"minecraft:bread":2,"minecraft:air":0,"minecraft:light_gray_bed":2,"minecraft:iron_chestplate":1,"minecraft:stick":24,"minecraft:iron_ingot":16,"minecraft:iron_pickaxe":2,"minecraft:wooden_axe":1,"minecraft:iron_leggings":1,"minecraft:gold_ingot":16,"minecraft:torch":32,"minecraft:diamond_chestplate":1},"minecraft:killed_by":{"minecraft:vindicator":1},"minecraft:killed":{"promenade:duck":2,"minecraft:vindicator":2,"minecells:undead_archer":6,"naturalist:duck":1,"naturalist:boar":1,"minecraft:skeleton":5,"minecells:leaping_zombie":19,"minecells:grenadier":7,"minecraft:pig":4,"minecells:runner":5,"minecraft:pillager":5,"minecraft:zombie":3,"minecells:shieldbearer":4,"minecraft:cow":5},"minecraft:dropped":{"minecraft:enchanted_book":2,"twigs:bamboo_leaves":8,"minecraft:wheat_seeds":1,"minecraft:lapis_lazuli":6,"minecraft:mossy_cobblestone":1,"minecraft:crafting_table":1,"minecraft:crossbow":1,"minecraft:feather":3,"minecraft:iron_helmet":1,"minecraft:cobblestone":3,"comforts:sleeping_bag_light_gray":1,"techreborn:deepslate_galena_ore":11,"minecraft:stick":10,"minecraft:dirt":7,"minecells:infected_flesh":1,"minecraft:dark_oak_log":11,"minecells:explosive_bulb":4,"minecraft:wooden_axe":1,"minecells:metal_shards":2,"minecraft:gold_nugget":7,"minecraft:iron_pickaxe":1,"minecraft:dark_oak_planks":5,"twigs:twig":1,"minecraft:iron_nugget":4,"regions_unexplored:bamboo_log":13,"minecraft:stone_sword":1,"minecraft:cobbled_deepslate":27,"minecraft:wheat":1,"minecraft:rotten_flesh":2,"minecraft:iron_boots":1,"regions_unexplored:mauve_planks":10,"regions_unexplored:hyssop":1,"regions_unexplored:cherry_shrub":2,"regions_unexplored:bamboo_sapling":2,"minecraft:chainmail_chestplate":1,"minecraft:diamond_sword":3,"supplementaries:ash":4,"minecraft:potato":4,"minecells:balanced_blade":1,"simplyswords:storms_edge":1,"minecraft:light_gray_bed":1,"modern_industrialization:lignite_coal":13,"minecraft:bamboo":37,"minecraft:arrow":28,"simplyswords:gold_spear":2,"minecraft:stone_pickaxe":1,"fishofthieves:wrecker":1,"minecraft:firework_rocket":3},"minecraft:picked_up":{"techreborn:deepslate_galena_ore":12,"minecraft:crafting_table":9,"modern_industrialization:lignite_coal":50,"minecraft:wheat":7,"twigs:roseate_seashell":2,"minecraft:diamond_sword":1,"simplyswords:iron_rapier":1,"regions_unexplored:bamboo_sapling":2,"minecraft:cobbled_deepslate":45,"minecraft:beef":10,"minecraft:iron_pickaxe":1,"minecraft:light_gray_wool":14,"minecraft:chest":1,"minecells:transposition_core":2,"minecraft:iron_boots":1,"minecraft:furnace":5,"beachparty:sand_slab":1,"minecells:guts":14,"minecraft:stick":8,"minecraft:raw_iron":14,"naturalist:duck":1,"simplyswords:diamond_cutlass":1,"minecraft:torch":26,"minecells:monsters_eye":4,"twigs:bamboo_leaves":8,"minecraft:porkchop":8,"simplyswords:gold_spear":1,"minecraft:arrow":20,"minecraft:light_gray_bed":4,"minecraft:rotten_flesh":9,"regions_unexplored:mauve_sapling":1,"regions_unexplored:mauve_log":5,"minecraft:hay_block":7,"minecraft:gold_ingot":2,"supplementaries:ash":4,"minecraft:cobblestone":17,"minecraft:feather":3,"regions_unexplored:cherry_shrub":2,"minecraft:leather":5,"minecraft:potato":3,"minecraft:gunpowder":6,"minecraft:lapis_lazuli":6,"minecraft:dirt":7,"minecraft:bone":19,"minecraft:apple":1,"minecraft:wheat_seeds":1,"minecraft:raw_gold":10,"minecells:prison_bricks":1,"minecraft:bamboo":39,"twigs:twig":1,"regions_unexplored:bamboo_log":13,"simplyswords:storms_edge":1,"promenade:duck":2,"minecells:monster_cell":23,"minecells:infected_flesh":14,"minecells:metal_shards":4,"minecraft:dark_oak_log":16,"minecraft:mossy_cobblestone":1,"regions_unexplored:hyssop":1,"minecraft:diamond":9,"minecells:explosive_bulb":4,"minecraft:crossbow":1,"minecraft:emerald":2,"minecraft:baked_potato":12,"minecraft:coal":28},"minecraft:mined":{"minecraft:mossy_cobblestone":1,"minecraft:deepslate_diamond_ore":9,"minecraft:dark_oak_log":16,"minecraft:grass_block":1,"minecraft:light_gray_bed":4,"modern_industrialization:lignite_coal_ore":20,"minecraft:hay_block":7,"minecraft:furnace":5,"minecraft:iron_ore":6,"treechop:chopped_log":1,"beachparty:sand_slab":1,"minecraft:deepslate_iron_ore":8,"regions_unexplored:medium_grass":1,"minecraft:bamboo":2,"betterarcheology:loot_vase":1,"minecraft:stone":11,"techreborn:deepslate_galena_ore":7,"minecells:prison_bricks":1,"minecraft:crafting_table":9,"minecraft:torch":1,"twigs:roseate_seashell":2,"minecraft:chest":1,"minecells:brittle_barrel":1,"regions_unexplored:mauve_log":5,"minecells:alchemy_equipment_0":1,"minecraft:lapis_ore":1,"minecraft:deepslate_gold_ore":10,"minecells:alchemy_equipment_2":2,"minecraft:wall_torch":1,"supplementaries:urn":7,"minecraft:light_gray_wool":14,"minecraft:grass":3,"regions_unexplored:cherry_shrub":2,"minecraft:coal_ore":20,"minecraft:deepslate":50,"minecraft:fern":1}},"DataVersion":3465}