{"stats":{"minecraft:crafted":{"minecraft:crafting_table":1,"minecraft:iron_sword":1,"minecraft:stone_axe":1,"minecraft:light_gray_bed":2,"regions_unexplored:mauve_planks":20,"minecraft:stick":8,"minecraft:stone_pickaxe":1,"minecraft:wooden_axe":1,"minecraft:dark_oak_planks":12},"minecraft:used":{"beachparty:sand_slab":1,"minecraft:stone_sword":30,"minecraft:stone_pickaxe":2,"minecraft:iron_sword":7,"twigs:roseate_seashell":2,"minecraft:crafting_table":1,"minecraft:wooden_axe":24,"minecraft:firework_rocket":3,"minecraft:bread":5,"minecraft:stone_axe":2,"minecraft:light_gray_bed":2},"minecraft:custom":{"lootr:looted_stat":9,"minecraft:mob_kills":7,"minecraft:interact_with_crafting_table":6,"minecraft:time_since_death":20629,"minecraft:sleep_in_bed":3,"minecraft:hex":0,"minecraft:time_since_rest":1918,"minecraft:sprint_one_cm":63142,"minecraft:damage_taken":897,"minecraft:walk_one_cm":28764,"minecraft:drop":14,"minecraft:damage_dealt":1221,"minecraft:swim_one_cm":57789,"minecraft:fly_one_cm":49922,"minecraft:crouch_one_cm":2870,"minecraft:play_time":24624,"minecraft:deaths":1,"minecraft:sneak_time":1335,"minecraft:walk_under_water_one_cm":4863,"minecraft:jump":260,"minecraft:walk_on_water_one_cm":15756,"minecraft:total_world_time":24624,"minecraft:fall_one_cm":5097},"minecraft:killed_by":{"minecraft:vindicator":1},"minecraft:killed":{"promenade:duck":2,"minecraft:vindicator":1,"minecraft:skeleton":1,"minecraft:pillager":3},"minecraft:dropped":{"twigs:bamboo_leaves":8,"minecraft:stone_sword":1,"regions_unexplored:bamboo_log":13,"minecraft:mossy_cobblestone":1,"minecraft:crafting_table":1,"minecraft:feather":3,"regions_unexplored:cherry_shrub":2,"regions_unexplored:bamboo_sapling":2,"minecraft:dirt":1,"minecraft:wooden_axe":1,"minecraft:light_gray_bed":1,"fishofthieves:wrecker":1,"minecraft:dark_oak_planks":3,"twigs:twig":1},"minecraft:picked_up":{"minecraft:crafting_table":2,"minecraft:wheat":7,"minecraft:feather":3,"regions_unexplored:cherry_shrub":2,"twigs:roseate_seashell":2,"minecraft:dirt":1,"minecraft:bone":5,"minecraft:apple":1,"regions_unexplored:bamboo_sapling":2,"minecraft:light_gray_wool":14,"minecraft:bamboo":39,"twigs:twig":1,"regions_unexplored:bamboo_log":13,"beachparty:sand_slab":1,"promenade:duck":2,"twigs:bamboo_leaves":8,"minecraft:dark_oak_log":16,"minecraft:mossy_cobblestone":1,"minecraft:arrow":5,"minecraft:light_gray_bed":2,"regions_unexplored:mauve_sapling":1,"regions_unexplored:mauve_log":5,"minecraft:crossbow":1,"minecraft:emerald":1,"minecraft:cobblestone":6},"minecraft:mined":{"minecraft:mossy_cobblestone":1,"minecraft:dark_oak_log":16,"minecraft:crafting_table":2,"minecraft:grass_block":1,"twigs:roseate_seashell":2,"minecraft:light_gray_bed":2,"regions_unexplored:mauve_log":5,"minecraft:light_gray_wool":14,"treechop:chopped_log":1,"beachparty:sand_slab":1,"regions_unexplored:cherry_shrub":2,"regions_unexplored:medium_grass":1,"minecraft:bamboo":2,"betterarcheology:loot_vase":1,"minecraft:fern":1}},"DataVersion":3465}