{"stats":{"minecraft:broken":{"minecraft:iron_boots":2,"minecraft:iron_leggings":1,"minecraft:iron_helmet":1},"minecraft:used":{"minecraft:stone_sword":30,"minecraft:chest":1,"minecraft:shield":6,"minecraft:iron_sword":172,"minecells:assassins_dagger":36,"twigs:roseate_seashell":2,"minecraft:rotten_flesh":2,"minecraft:torch":58,"techreborn:deepslate_galena_ore":1,"minecraft:axolotl_bucket":3,"minecells:monsters_eye":11,"minecraft:wooden_axe":24,"simplyswords:diamond_cutlass":76,"minecells:guts":35,"minecells:balanced_blade":12,"simplyswords:iron_scythe":8,"minecraft:furnace":6,"minecraft:cobbled_deepslate":2,"minecraft:light_gray_bed":4,"beachparty:sand_slab":1,"minecraft:water_bucket":3,"simplyswords:diamond_katana":425,"simplyswords:gold_spear":11,"minecraft:stone_pickaxe":69,"minecraft:baked_potato":12,"minecells:prison_bricks":1,"minecraft:crafting_table":10,"promenade:cooked_duck":2,"minecraft:firework_rocket":3,"minecraft:bread":25,"minecraft:iron_pickaxe":92,"minecraft:stone_axe":20,"minecraft:diamond_sword":15,"travelersbackpack:standard":1,"naturalist:cooked_duck":1,"minecraft:bucket":9,"simplyswords:iron_glaive":31},"minecraft:custom":{"lootr:looted_stat":106,"minecraft:mob_kills":121,"minecraft:interact_with_crafting_table":26,"minecraft:damage_dealt_resisted":0,"minecraft:leave_game":1,"minecraft:time_since_death":158467,"minecraft:climb_one_cm":5153,"minecraft:damage_resisted":0,"minecraft:sprint_one_cm":649890,"minecraft:walk_one_cm":355170,"minecraft:damage_blocked_by_shield":690,"minecraft:drop":81,"minecraft:talked_to_villager":1,"minecraft:play_time":162462,"minecraft:sneak_time":6276,"minecraft:deaths":1,"minecraft:walk_under_water_one_cm":5699,"minecraft:jump":1418,"minecraft:walk_on_water_one_cm":21984,"minecraft:total_world_time":162462,"minecraft:interact_with_furnace":26,"minecraft:sleep_in_bed":5,"minecraft:hex":0,"minecraft:time_since_rest":101402,"minecraft:damage_taken":4292,"minecraft:damage_dealt":21778,"minecraft:swim_one_cm":57789,"minecraft:fly_one_cm":300564,"minecraft:open_chest":2,"minecraft:crouch_one_cm":16528,"minecraft:interact_with_smoker":1,"minecraft:fall_one_cm":27282},"minecraft:crafted":{"naturalist:cooked_duck":1,"minecraft:oak_planks":20,"minecells:cell_infused_steel":5,"minecraft:furnace":3,"minecraft:diamond_helmet":1,"regions_unexplored:mauve_planks":20,"minecraft:iron_boots":2,"minecraft:stone_pickaxe":1,"minecraft:chest":1,"minecraft:dark_oak_planks":20,"minecraft:diamond_sword":2,"minecraft:crafting_table":3,"minecraft:iron_helmet":1,"travelersbackpack:standard":1,"minecraft:iron_sword":1,"promenade:cooked_duck":2,"minecraft:bucket":3,"minecraft:stone_axe":1,"comforts:sleeping_bag_light_gray":2,"minecraft:bread":2,"minecraft:air":0,"minecraft:light_gray_bed":2,"minecraft:iron_chestplate":1,"minecraft:golden_apple":8,"minecraft:stick":24,"minecraft:iron_ingot":16,"minecraft:iron_pickaxe":2,"minecraft:wooden_axe":1,"minecraft:iron_leggings":2,"minecraft:gold_ingot":16,"minecraft:torch":32,"minecraft:diamond_chestplate":1},"minecraft:killed_by":{"minecraft:vindicator":1},"minecraft:killed":{"minecells:mutated_bat":7,"promenade:duck":2,"minecraft:vindicator":2,"minecells:undead_archer":7,"naturalist:duck":1,"naturalist:boar":1,"minecraft:skeleton":5,"minecells:leaping_zombie":47,"minecells:protector":1,"minecells:grenadier":8,"bewitchment:snake":1,"minecraft:pig":4,"minecells:runner":13,"minecraft:zombie_villager":1,"naturalist:alligator":1,"minecraft:pillager":5,"minecraft:zombie":3,"minecells:shieldbearer":4,"naturalist:sparrow":1,"minecraft:villager":1,"minecraft:cow":5},"minecraft:dropped":{"minecraft:enchanted_book":2,"twigs:bamboo_leaves":8,"minecraft:wheat_seeds":1,"minecraft:lapis_lazuli":6,"simplyswords:iron_chakram":1,"minecraft:golden_horse_armor":1,"minecraft:mossy_cobblestone":1,"minecraft:crafting_table":1,"minecraft:crossbow":1,"minecraft:feather":3,"minecraft:iron_helmet":1,"minecraft:cobblestone":3,"comforts:sleeping_bag_light_gray":1,"techreborn:deepslate_galena_ore":11,"minecraft:stick":17,"minecraft:dirt":7,"minecells:infected_flesh":24,"minecraft:dark_oak_log":11,"minecells:putrid_fence":1,"minecells:explosive_bulb":4,"minecraft:wooden_axe":1,"minecells:metal_shards":7,"minecraft:gold_nugget":7,"minecraft:iron_pickaxe":2,"minecraft:dark_oak_planks":5,"twigs:twig":1,"minecraft:iron_nugget":4,"regions_unexplored:bamboo_log":13,"minecraft:stone_sword":1,"minecraft:cobbled_deepslate":27,"minecraft:wheat":1,"minecraft:rotten_flesh":6,"minecraft:iron_boots":1,"regions_unexplored:mauve_planks":10,"regions_unexplored:hyssop":1,"regions_unexplored:cherry_shrub":2,"regions_unexplored:bamboo_sapling":2,"minecraft:chainmail_chestplate":1,"minecraft:diamond_sword":3,"supplementaries:ash":4,"minecraft:potato":4,"simplyswords:iron_scythe":1,"minecells:balanced_blade":1,"simplyswords:storms_edge":1,"minecraft:light_gray_bed":1,"modern_industrialization:lignite_coal":13,"minecraft:bamboo":37,"minecraft:arrow":30,"minecraft:bow":1,"simplyswords:gold_spear":2,"minecraft:stone_pickaxe":1,"fishofthieves:wrecker":1,"minecraft:firework_rocket":3},"minecraft:picked_up":{"techreborn:deepslate_galena_ore":12,"minecraft:crafting_table":9,"modern_industrialization:lignite_coal":50,"minecraft:wheat":7,"twigs:roseate_seashell":2,"minecraft:diamond_sword":1,"simplyswords:iron_rapier":1,"regions_unexplored:bamboo_sapling":2,"minecraft:cobbled_deepslate":45,"minecraft:beef":10,"minecells:vine_rune":1,"minecraft:iron_pickaxe":1,"minecraft:light_gray_wool":14,"minecraft:chest":1,"minecells:transposition_core":3,"minecraft:iron_boots":1,"minecraft:furnace":5,"beachparty:sand_slab":1,"minecells:guts":22,"minecraft:stick":8,"minecraft:raw_iron":14,"naturalist:duck":1,"simplyswords:diamond_cutlass":1,"minecraft:torch":26,"minecells:monsters_eye":8,"twigs:bamboo_leaves":8,"minecraft:porkchop":8,"minecells:putrid_fence":1,"simplyswords:gold_spear":1,"minecraft:arrow":21,"minecraft:light_gray_bed":4,"minecraft:rotten_flesh":30,"regions_unexplored:mauve_sapling":1,"regions_unexplored:mauve_log":5,"minecraft:hay_block":7,"minecraft:gold_ingot":2,"supplementaries:ash":4,"minecraft:cobblestone":17,"minecraft:feather":3,"minecraft:water_bucket":1,"regions_unexplored:cherry_shrub":2,"minecraft:leather":5,"minecraft:potato":3,"minecraft:gunpowder":6,"minecraft:lapis_lazuli":6,"minecraft:dirt":7,"lootr:trophy":1,"minecraft:bone":19,"minecraft:apple":1,"minecraft:bow":1,"minecraft:wheat_seeds":1,"simplyswords:iron_warglaive":1,"minecraft:raw_gold":10,"minecells:prison_bricks":1,"simplyswords:iron_spear":1,"minecraft:bamboo":39,"twigs:twig":1,"regions_unexplored:bamboo_log":13,"simplyswords:storms_edge":1,"promenade:duck":2,"minecells:monster_cell":48,"minecells:infected_flesh":39,"minecells:metal_shards":8,"minecraft:dark_oak_log":16,"minecraft:mossy_cobblestone":1,"regions_unexplored:hyssop":1,"minecraft:diamond":9,"minecells:explosive_bulb":4,"minecraft:crossbow":1,"minecells:assassins_dagger":1,"simplyswords:gold_twinblade":1,"minecraft:emerald":2,"minecraft:baked_potato":12,"minecraft:coal":28},"minecraft:mined":{"minecells:putrid_fence":1,"minecraft:mossy_cobblestone":1,"minecraft:deepslate_diamond_ore":9,"minecraft:dark_oak_log":16,"minecraft:grass_block":2,"minecraft:light_gray_bed":4,"modern_industrialization:lignite_coal_ore":20,"minecraft:hay_block":7,"minecraft:furnace":5,"minecraft:iron_ore":6,"treechop:chopped_log":1,"beachparty:sand_slab":1,"minecraft:deepslate_iron_ore":8,"regions_unexplored:medium_grass":5,"minecraft:bamboo":2,"betterarcheology:loot_vase":1,"minecraft:stone":11,"regions_unexplored:windswept_grass":1,"techreborn:deepslate_galena_ore":7,"minecells:prison_bricks":1,"minecraft:crafting_table":9,"minecraft:torch":1,"twigs:roseate_seashell":2,"minecraft:chest":1,"minecraft:tall_grass":1,"minecells:brittle_barrel":1,"regions_unexplored:mauve_log":5,"minecells:alchemy_equipment_0":1,"minecraft:lapis_ore":1,"minecraft:deepslate_gold_ore":10,"minecells:alchemy_equipment_2":2,"minecraft:wall_torch":1,"supplementaries:urn":7,"minecraft:light_gray_wool":14,"minecraft:grass":6,"regions_unexplored:cherry_shrub":2,"minecraft:coal_ore":20,"minecraft:deepslate":50,"minecraft:fern":1}},"DataVersion":3465}