{"stats":{"minecraft:used":{"minecraft:wooden_axe":16,"minecraft:stone_sword":30,"minecraft:bread":3,"twigs:roseate_seashell":2,"minecraft:light_gray_bed":1},"minecraft:crafted":{"minecraft:light_gray_bed":1,"regions_unexplored:mauve_planks":20,"minecraft:crafting_table":1,"minecraft:stick":4,"minecraft:wooden_axe":1,"minecraft:iron_sword":1,"minecraft:dark_oak_planks":8},"minecraft:custom":{"minecraft:time_since_rest":3392,"minecraft:sprint_one_cm":17751,"lootr:looted_stat":8,"minecraft:damage_taken":615,"minecraft:walk_one_cm":12283,"minecraft:mob_kills":4,"minecraft:damage_dealt":907,"minecraft:swim_one_cm":30497,"minecraft:interact_with_crafting_table":4,"minecraft:fly_one_cm":5206,"minecraft:crouch_one_cm":2592,"minecraft:play_time":12624,"minecraft:deaths":1,"minecraft:sneak_time":1227,"minecraft:walk_under_water_one_cm":3255,"minecraft:jump":40,"minecraft:walk_on_water_one_cm":12216,"minecraft:time_since_death":8629,"minecraft:sleep_in_bed":2,"minecraft:total_world_time":12624,"minecraft:hex":0,"minecraft:fall_one_cm":476},"minecraft:killed_by":{"minecraft:vindicator":1},"minecraft:killed":{"minecraft:pillager":3,"minecraft:vindicator":1},"minecraft:picked_up":{"twigs:roseate_seashell":2,"twigs:bamboo_leaves":6,"minecraft:dark_oak_log":16,"minecraft:arrow":4,"minecraft:light_gray_bed":1,"minecraft:apple":1,"regions_unexplored:mauve_sapling":1,"regions_unexplored:mauve_log":5,"minecraft:crossbow":1,"minecraft:emerald":1,"minecraft:light_gray_wool":14,"minecraft:bamboo":28},"minecraft:mined":{"minecraft:dark_oak_log":16,"minecraft:light_gray_wool":14,"twigs:roseate_seashell":2,"minecraft:light_gray_bed":1,"regions_unexplored:medium_grass":1,"regions_unexplored:mauve_log":5,"minecraft:bamboo":2,"minecraft:fern":1}},"DataVersion":3465}