{"stats":{"minecraft:used":{"minecraft:stone_sword":30,"minecraft:chest":1,"minecraft:shield":3,"minecraft:iron_sword":124,"twigs:roseate_seashell":2,"minecraft:torch":58,"techreborn:deepslate_galena_ore":1,"minecraft:wooden_axe":24,"minecraft:furnace":6,"minecraft:cobbled_deepslate":2,"minecraft:light_gray_bed":4,"beachparty:sand_slab":1,"minecraft:stone_pickaxe":69,"minecraft:baked_potato":3,"minecraft:crafting_table":10,"promenade:cooked_duck":2,"minecraft:firework_rocket":3,"minecraft:bread":15,"minecraft:iron_pickaxe":91,"minecraft:stone_axe":16,"minecraft:diamond_sword":15,"travelersbackpack:standard":1,"naturalist:cooked_duck":1},"minecraft:custom":{"lootr:looted_stat":21,"minecraft:mob_kills":33,"minecraft:interact_with_crafting_table":26,"minecraft:time_since_death":68629,"minecraft:damage_resisted":0,"minecraft:climb_one_cm":1354,"minecraft:sprint_one_cm":202978,"minecraft:walk_one_cm":107780,"minecraft:damage_blocked_by_shield":540,"minecraft:drop":44,"minecraft:play_time":72624,"minecraft:deaths":1,"minecraft:sneak_time":5880,"minecraft:walk_under_water_one_cm":4863,"minecraft:jump":634,"minecraft:walk_on_water_one_cm":15959,"minecraft:total_world_time":72624,"minecraft:interact_with_furnace":26,"minecraft:sleep_in_bed":5,"minecraft:hex":0,"minecraft:time_since_rest":11564,"minecraft:damage_taken":1546,"minecraft:damage_dealt":5028,"minecraft:swim_one_cm":57789,"minecraft:fly_one_cm":118439,"minecraft:crouch_one_cm":15038,"minecraft:fall_one_cm":14418},"minecraft:crafted":{"naturalist:cooked_duck":1,"minecraft:oak_planks":12,"minecraft:furnace":3,"regions_unexplored:mauve_planks":20,"minecraft:iron_boots":1,"minecraft:stone_pickaxe":1,"minecraft:chest":1,"minecraft:dark_oak_planks":20,"minecraft:diamond_sword":2,"minecraft:crafting_table":2,"travelersbackpack:standard":1,"minecraft:iron_sword":1,"promenade:cooked_duck":2,"minecraft:stone_axe":1,"comforts:sleeping_bag_light_gray":2,"minecraft:bread":2,"minecraft:air":0,"minecraft:light_gray_bed":2,"minecraft:iron_chestplate":1,"minecraft:stick":24,"minecraft:iron_ingot":16,"minecraft:iron_pickaxe":2,"minecraft:wooden_axe":1,"minecraft:iron_leggings":1,"minecraft:gold_ingot":16,"minecraft:torch":32},"minecraft:killed_by":{"minecraft:vindicator":1},"minecraft:killed":{"promenade:duck":2,"minecraft:vindicator":2,"minecells:undead_archer":1,"naturalist:duck":1,"naturalist:boar":1,"minecraft:skeleton":5,"minecells:leaping_zombie":3,"minecraft:pig":4,"minecraft:pillager":5,"minecraft:zombie":3,"minecells:shieldbearer":1,"minecraft:cow":5},"minecraft:dropped":{"twigs:bamboo_leaves":8,"minecraft:wheat_seeds":1,"minecraft:lapis_lazuli":6,"minecraft:mossy_cobblestone":1,"minecraft:crafting_table":1,"minecraft:crossbow":1,"minecraft:feather":3,"minecraft:cobblestone":3,"comforts:sleeping_bag_light_gray":1,"techreborn:deepslate_galena_ore":11,"minecraft:stick":10,"minecraft:dirt":7,"minecraft:dark_oak_log":11,"minecraft:wooden_axe":1,"minecraft:dark_oak_planks":5,"twigs:twig":1,"minecraft:iron_nugget":4,"regions_unexplored:bamboo_log":13,"minecraft:stone_sword":1,"minecraft:cobbled_deepslate":27,"minecraft:wheat":1,"minecraft:rotten_flesh":1,"regions_unexplored:mauve_planks":10,"regions_unexplored:hyssop":1,"regions_unexplored:cherry_shrub":2,"regions_unexplored:bamboo_sapling":2,"minecraft:diamond_sword":3,"supplementaries:ash":4,"simplyswords:storms_edge":1,"minecraft:light_gray_bed":1,"minecraft:bamboo":37,"minecraft:stone_pickaxe":1,"fishofthieves:wrecker":1,"minecraft:firework_rocket":3},"minecraft:picked_up":{"techreborn:deepslate_galena_ore":12,"minecraft:wheat":7,"minecraft:crafting_table":9,"modern_industrialization:lignite_coal":50,"twigs:roseate_seashell":2,"minecraft:diamond_sword":1,"regions_unexplored:bamboo_sapling":2,"minecraft:cobbled_deepslate":45,"minecraft:beef":10,"minecraft:light_gray_wool":14,"minecraft:chest":1,"minecraft:furnace":5,"beachparty:sand_slab":1,"minecraft:stick":8,"minecraft:raw_iron":14,"naturalist:duck":1,"minecraft:torch":26,"twigs:bamboo_leaves":8,"minecraft:porkchop":8,"minecraft:light_gray_bed":4,"minecraft:arrow":8,"minecraft:rotten_flesh":2,"regions_unexplored:mauve_sapling":1,"regions_unexplored:mauve_log":5,"minecraft:hay_block":7,"minecraft:gold_ingot":2,"supplementaries:ash":4,"minecraft:cobblestone":17,"minecraft:feather":3,"regions_unexplored:cherry_shrub":2,"minecraft:leather":5,"minecraft:potato":3,"minecraft:lapis_lazuli":6,"minecraft:dirt":7,"minecraft:bone":19,"minecraft:apple":1,"minecraft:wheat_seeds":1,"minecraft:raw_gold":10,"minecraft:bamboo":39,"twigs:twig":1,"regions_unexplored:bamboo_log":13,"simplyswords:storms_edge":1,"promenade:duck":2,"minecells:monster_cell":2,"minecells:infected_flesh":3,"minecraft:dark_oak_log":16,"minecraft:mossy_cobblestone":1,"regions_unexplored:hyssop":1,"minecraft:diamond":9,"minecraft:crossbow":1,"minecraft:emerald":2,"minecraft:baked_potato":12,"minecraft:coal":28},"minecraft:mined":{"minecraft:mossy_cobblestone":1,"minecraft:deepslate_diamond_ore":9,"minecraft:dark_oak_log":16,"minecraft:grass_block":1,"minecraft:light_gray_bed":4,"modern_industrialization:lignite_coal_ore":20,"minecraft:hay_block":7,"minecraft:furnace":5,"minecraft:iron_ore":6,"treechop:chopped_log":1,"beachparty:sand_slab":1,"minecraft:deepslate_iron_ore":8,"regions_unexplored:medium_grass":1,"betterarcheology:loot_vase":1,"minecraft:bamboo":2,"minecraft:stone":11,"techreborn:deepslate_galena_ore":7,"minecraft:crafting_table":9,"minecraft:torch":1,"twigs:roseate_seashell":2,"minecraft:chest":1,"minecells:brittle_barrel":1,"regions_unexplored:mauve_log":5,"minecells:alchemy_equipment_0":1,"minecraft:lapis_ore":1,"minecraft:deepslate_gold_ore":10,"minecells:alchemy_equipment_2":2,"minecraft:wall_torch":1,"supplementaries:urn":7,"minecraft:light_gray_wool":14,"minecraft:grass":3,"regions_unexplored:cherry_shrub":2,"minecraft:coal_ore":20,"minecraft:deepslate":50,"minecraft:fern":1}},"DataVersion":3465}