{"stats":{"minecraft:used":{"beachparty:sand_slab":1,"minecraft:stone_sword":30,"minecraft:stone_pickaxe":69,"minecraft:iron_sword":39,"twigs:roseate_seashell":2,"minecraft:torch":58,"techreborn:deepslate_galena_ore":1,"minecraft:crafting_table":5,"promenade:cooked_duck":1,"minecraft:wooden_axe":24,"minecraft:firework_rocket":3,"minecraft:bread":14,"minecraft:iron_pickaxe":86,"minecraft:diamond_sword":15,"minecraft:stone_axe":4,"minecraft:furnace":4,"minecraft:cobbled_deepslate":2,"minecraft:light_gray_bed":2},"minecraft:custom":{"minecraft:interact_with_furnace":12,"lootr:looted_stat":13,"minecraft:mob_kills":15,"minecraft:interact_with_crafting_table":16,"minecraft:time_since_death":44629,"minecraft:sleep_in_bed":3,"minecraft:damage_resisted":0,"minecraft:hex":0,"minecraft:time_since_rest":25918,"minecraft:sprint_one_cm":138310,"minecraft:damage_taken":1282,"minecraft:walk_one_cm":65407,"minecraft:drop":34,"minecraft:damage_dealt":2568,"minecraft:swim_one_cm":57789,"minecraft:fly_one_cm":78742,"minecraft:crouch_one_cm":13546,"minecraft:play_time":48624,"minecraft:deaths":1,"minecraft:sneak_time":5572,"minecraft:walk_under_water_one_cm":4863,"minecraft:jump":474,"minecraft:walk_on_water_one_cm":15842,"minecraft:total_world_time":48624,"minecraft:fall_one_cm":10484},"minecraft:crafted":{"naturalist:cooked_duck":1,"minecraft:oak_planks":4,"minecraft:diamond_sword":2,"minecraft:crafting_table":2,"minecraft:iron_sword":1,"promenade:cooked_duck":2,"minecraft:furnace":3,"minecraft:stone_axe":1,"minecraft:bread":2,"minecraft:air":0,"minecraft:light_gray_bed":2,"minecraft:iron_boots":1,"regions_unexplored:mauve_planks":20,"minecraft:stick":24,"minecraft:iron_ingot":12,"minecraft:iron_pickaxe":2,"minecraft:stone_pickaxe":1,"minecraft:wooden_axe":1,"minecraft:iron_leggings":1,"minecraft:dark_oak_planks":20,"minecraft:torch":32},"minecraft:killed_by":{"minecraft:vindicator":1},"minecraft:killed":{"promenade:duck":2,"minecraft:vindicator":1,"naturalist:duck":1,"minecraft:skeleton":5,"minecraft:pillager":3,"minecraft:zombie":3},"minecraft:dropped":{"twigs:bamboo_leaves":8,"minecraft:stone_sword":1,"regions_unexplored:bamboo_log":13,"minecraft:cobbled_deepslate":1,"minecraft:mossy_cobblestone":1,"minecraft:crafting_table":1,"minecraft:wheat":1,"minecraft:crossbow":1,"minecraft:cobblestone":3,"minecraft:feather":3,"minecraft:rotten_flesh":1,"regions_unexplored:cherry_shrub":2,"techreborn:deepslate_galena_ore":5,"regions_unexplored:bamboo_sapling":2,"minecraft:stick":10,"minecraft:diamond_sword":3,"minecraft:dirt":7,"minecraft:dark_oak_log":11,"minecraft:wooden_axe":1,"minecraft:light_gray_bed":1,"minecraft:bamboo":37,"minecraft:stone_pickaxe":1,"fishofthieves:wrecker":1,"minecraft:dark_oak_planks":5,"twigs:twig":1,"minecraft:firework_rocket":3},"minecraft:picked_up":{"techreborn:deepslate_galena_ore":12,"modern_industrialization:lignite_coal":20,"minecraft:crafting_table":4,"minecraft:wheat":7,"minecraft:feather":3,"regions_unexplored:cherry_shrub":2,"twigs:roseate_seashell":2,"minecraft:diamond_sword":1,"minecraft:lapis_lazuli":6,"minecraft:dirt":7,"minecraft:bone":19,"minecraft:apple":1,"regions_unexplored:bamboo_sapling":2,"minecraft:cobbled_deepslate":45,"minecraft:raw_gold":10,"minecraft:light_gray_wool":14,"minecraft:bamboo":39,"twigs:twig":1,"naturalist:duck":1,"regions_unexplored:bamboo_log":13,"minecraft:furnace":1,"minecraft:stick":8,"beachparty:sand_slab":1,"minecraft:raw_iron":14,"promenade:duck":2,"minecraft:torch":26,"twigs:bamboo_leaves":8,"minecraft:dark_oak_log":16,"minecraft:mossy_cobblestone":1,"minecraft:arrow":6,"minecraft:light_gray_bed":2,"minecraft:rotten_flesh":1,"regions_unexplored:mauve_sapling":1,"minecraft:diamond":9,"regions_unexplored:mauve_log":5,"minecraft:crossbow":1,"minecraft:emerald":1,"supplementaries:ash":4,"minecraft:coal":28,"minecraft:cobblestone":17},"minecraft:mined":{"minecraft:mossy_cobblestone":1,"minecraft:deepslate_diamond_ore":9,"minecraft:dark_oak_log":16,"minecraft:crafting_table":4,"minecraft:torch":1,"minecraft:grass_block":1,"twigs:roseate_seashell":2,"minecraft:light_gray_bed":2,"modern_industrialization:lignite_coal_ore":20,"regions_unexplored:mauve_log":5,"minecraft:deepslate_gold_ore":10,"minecraft:lapis_ore":1,"minecraft:wall_torch":1,"supplementaries:urn":7,"minecraft:furnace":1,"minecraft:iron_ore":6,"minecraft:light_gray_wool":14,"treechop:chopped_log":1,"beachparty:sand_slab":1,"minecraft:deepslate_iron_ore":8,"regions_unexplored:cherry_shrub":2,"minecraft:coal_ore":20,"regions_unexplored:medium_grass":1,"minecraft:bamboo":2,"betterarcheology:loot_vase":1,"minecraft:stone":11,"techreborn:deepslate_galena_ore":7,"minecraft:deepslate":50,"minecraft:fern":1}},"DataVersion":3465}