{"stats":{"minecraft:broken":{"minecraft:diamond_helmet":1,"minecraft:iron_boots":2,"minecraft:iron_leggings":2,"minecraft:diamond_chestplate":1,"minecraft:iron_helmet":1},"minecraft:used":{"minecraft:chest":5,"minecraft:shield":6,"minecraft:iron_sword":172,"minecells:assassins_dagger":58,"twigs:roseate_seashell":2,"minecraft:rotten_flesh":2,"minecraft:iron_chestplate":1,"minecraft:axolotl_bucket":3,"simplyswords:diamond_cutlass":76,"minecells:balanced_blade":12,"simplyswords:iron_scythe":8,"minecraft:furnace":6,"simplyswords:gold_spear":11,"minecraft:stone_pickaxe":69,"minecraft:sugar_cane":4,"simplyswords:diamond_greataxe":6,"simplyswords:iron_halberd":2,"promenade:cooked_duck":2,"betternether:nether_brick_tile_large":7,"minecraft:firework_rocket":3,"minecraft:bread":67,"minecraft:diamond_sword":15,"naturalist:cooked_duck":1,"minecraft:andesite":2,"simplyswords:iron_glaive":31,"minecraft:stone_sword":30,"minecraft:torch":58,"techreborn:deepslate_galena_ore":1,"simplyswords:storms_edge":218,"minecells:monsters_eye":11,"minecraft:wooden_axe":24,"simplyswords:diamond_scythe":21,"minecells:guts":35,"minecraft:iron_boots":1,"minecraft:cobbled_deepslate":2,"minecraft:light_gray_bed":7,"beachparty:sand_slab":1,"minecraft:water_bucket":3,"simplyswords:diamond_katana":425,"minecraft:baked_potato":12,"minecells:prison_bricks":1,"minecraft:crafting_table":10,"minecraft:iron_pickaxe":148,"supplementaries:rope":1,"minecraft:stone_axe":20,"minecraft:cobblestone":4,"travelersbackpack:standard":1,"minecraft:bucket":9,"minecraft:splash_potion":1},"minecraft:custom":{"lootr:looted_stat":138,"minecraft:interact_with_crafting_table":28,"minecraft:leave_game":2,"minecraft:time_since_death":256897,"minecraft:damage_resisted":37,"minecraft:sprint_one_cm":1088168,"minecraft:damage_blocked_by_shield":690,"minecraft:drop":101,"minecraft:talked_to_villager":1,"minecraft:play_time":260892,"minecraft:deaths":1,"minecraft:jump":2115,"minecraft:walk_on_water_one_cm":30904,"minecraft:interact_with_furnace":33,"minecraft:sleep_in_bed":9,"minecraft:damage_dealt":30461,"minecraft:crouch_one_cm":21665,"minecraft:interact_with_smoker":2,"minecraft:mob_kills":168,"minecraft:interact_with_anvil":1,"minecraft:damage_dealt_resisted":0,"minecraft:climb_one_cm":13035,"minecraft:walk_one_cm":516278,"minecraft:sneak_time":8235,"minecraft:walk_under_water_one_cm":10152,"minecraft:total_world_time":260892,"minecraft:hex":0,"minecraft:time_since_rest":27364,"minecraft:damage_taken":6021,"minecraft:swim_one_cm":71096,"minecraft:fly_one_cm":450537,"minecraft:open_chest":48,"minecraft:fall_one_cm":43953},"minecraft:crafted":{"naturalist:cooked_duck":1,"minecraft:oak_planks":60,"minecraft:diamond_helmet":1,"minecraft:iron_boots":4,"minecraft:chest":5,"minecraft:crafting_table":3,"travelersbackpack:standard":1,"minecraft:iron_helmet":1,"promenade:cooked_duck":2,"minecraft:light_gray_bed":2,"minecraft:iron_chestplate":2,"minecraft:book":1,"minecraft:paper":3,"minecraft:stick":32,"minecraft:iron_ingot":19,"minecraft:iron_pickaxe":2,"minecraft:gold_ingot":16,"minecells:cell_infused_steel":5,"minecraft:furnace":3,"regions_unexplored:mauve_planks":20,"minecraft:stone_pickaxe":1,"minecraft:dark_oak_planks":20,"minecraft:wheat":126,"minecraft:diamond_sword":2,"minecraft:iron_sword":1,"minecraft:bucket":3,"minecraft:stone_axe":1,"comforts:sleeping_bag_light_gray":2,"minecraft:air":0,"minecraft:bread":44,"archon:grimoire":1,"minecraft:golden_apple":8,"decorative_blocks:oak_palisade":24,"minecraft:wooden_axe":1,"minecraft:iron_leggings":4,"minecraft:torch":32,"minecraft:diamond_chestplate":1},"minecraft:killed_by":{"minecraft:vindicator":1},"minecraft:killed":{"minecraft:spider":4,"naturalist:boar":1,"minecraft:skeleton":16,"minecraft:chicken":1,"minecells:leaping_zombie":47,"minecells:protector":1,"minecells:grenadier":8,"minecraft:pig":4,"minecraft:zombie_villager":1,"naturalist:alligator":1,"minecraft:pillager":5,"tinyskeletons:baby_skeleton":2,"minecraft:zombie":23,"minecells:shieldbearer":4,"minecraft:glow_squid":1,"minecraft:cow":5,"minecells:mutated_bat":7,"promenade:duck":2,"minecraft:vindicator":2,"minecells:undead_archer":7,"naturalist:duck":1,"mythicmobs:chupacabra":1,"bewitchment:snake":1,"minecells:runner":13,"minecraft:wither_skeleton":7,"naturalist:sparrow":1,"minecraft:villager":1},"minecraft:dropped":{"minecraft:lapis_lazuli":6,"minecraft:glow_ink_sac":3,"minecraft:crafting_table":1,"minecraft:crossbow":1,"minecells:blood_sword":1,"techreborn:deepslate_galena_ore":11,"betternether:cincinnasite_lantern_small":1,"minecraft:dirt":7,"minecells:infected_flesh":24,"minecraft:dark_oak_log":11,"minecraft:gold_nugget":7,"minecraft:iron_pickaxe":2,"minecraft:dark_oak_planks":5,"twigs:twig":1,"minecraft:iron_nugget":4,"minecraft:cobbled_deepslate":28,"betternether:nether_brick_wall":4,"minecraft:wheat":1,"minecraft:rotten_flesh":6,"minecraft:chainmail_chestplate":1,"supplementaries:ash":4,"minecells:balanced_blade":1,"modern_industrialization:lignite_coal":13,"minecraft:arrow":30,"fishofthieves:wrecker":1,"minecraft:firework_rocket":3,"minecraft:enchanted_book":2,"minecraft:bread":5,"twigs:bamboo_leaves":8,"minecraft:wheat_seeds":1,"simplyswords:iron_chakram":1,"minecraft:mossy_cobblestone":1,"minecells:transposition_core":3,"minecraft:golden_horse_armor":1,"minecraft:iron_helmet":1,"minecraft:feather":3,"minecraft:cobblestone":4,"comforts:sleeping_bag_light_gray":1,"immersive_armors:warrior_chestplate":1,"minecraft:stick":17,"minecells:putrid_fence":1,"minecraft:wooden_axe":1,"minecells:explosive_bulb":4,"minecells:metal_shards":7,"minecraft:string":1,"minecells:multiple_nocks_bow":1,"minecraft:stone_sword":1,"regions_unexplored:bamboo_log":13,"minecraft:iron_boots":1,"decorative_blocks:oak_palisade":24,"minecraft:stripped_oak_log":1,"regions_unexplored:mauve_planks":10,"regions_unexplored:hyssop":1,"regions_unexplored:cherry_shrub":2,"regions_unexplored:bamboo_sapling":2,"minecraft:diamond_sword":3,"minecraft:potato":4,"simplyswords:iron_scythe":1,"fishofthieves:earthworms":1,"simplyswords:storms_edge":1,"minecraft:light_gray_bed":1,"minecells:guts":4,"minecraft:bamboo":37,"minecraft:bow":1,"simplyswords:gold_spear":2,"minecraft:stone_pickaxe":1},"minecraft:picked_up":{"techreborn:deepslate_galena_ore":12,"minecraft:wheat":7,"twigs:roseate_seashell":2,"artifacts:umbrella":1,"minecraft:diamond_sword":1,"soulsweapons:moonstone":3,"minecraft:golden_shovel":1,"simplyswords:iron_rapier":1,"betternether:nether_brick_tile_large":7,"minecraft:string":6,"simplyswords:diamond_scythe":1,"paladins:diamond_holy_staff":1,"spellbladenext:arcane_orb":1,"regions_unexplored:bamboo_sapling":2,"minecraft:cobbled_deepslate":54,"minecraft:iron_pickaxe":1,"minecells:transposition_core":6,"minecraft:iron_boots":1,"minecraft:furnace":5,"minecraft:stick":8,"beachparty:sand_slab":1,"minecells:guts":22,"botania:lexicon":1,"paladins:diamond_claymore":1,"simplyswords:diamond_cutlass":1,"minecraft:torch":33,"twigs:bamboo_leaves":8,"minecraft:porkchop":8,"spellbladenext:frost_orb":1,"minecells:putrid_fence":1,"simplyswords:gold_spear":1,"simplyswords:diamond_warglaive":1,"minecraft:light_gray_bed":6,"minecraft:rotten_flesh":58,"betternether:cincinnasite_lantern_small":1,"regions_unexplored:mauve_log":5,"supplementaries:ash":27,"minecraft:cobblestone":24,"minecraft:enchanting_table":1,"minecraft:feather":5,"minecraft:water_bucket":1,"minecraft:andesite":3,"regions_unexplored:cherry_shrub":2,"minecraft:potato":3,"supplementaries:flax_seeds":2,"minecraft:dirt":7,"minecraft:lapis_lazuli":6,"lootr:trophy":1,"minecraft:bone":35,"minecraft:bow":1,"minecraft:wheat_seeds":1,"minecraft:raw_gold":13,"fishofthieves:earthworms":2,"minecraft:bamboo":39,"twigs:twig":1,"regions_unexplored:bamboo_log":13,"simplyswords:storms_edge":2,"promenade:duck":2,"minecells:metal_shards":8,"minecraft:dark_oak_log":16,"minecraft:mossy_cobblestone":1,"regions_unexplored:hyssop":1,"immersive_melodies:piano":1,"minecraft:white_candle":3,"minecells:explosive_bulb":4,"minecraft:diamond":9,"minecraft:crossbow":1,"minecraft:emerald":4,"simplyswords:gold_twinblade":1,"minecraft:bread":1,"minecraft:oak_sapling":1,"modern_industrialization:lignite_coal":50,"minecraft:mud":5,"minecraft:crafting_table":9,"minecraft:chicken":1,"minecraft:chest_minecart":1,"minecraft:brown_mushroom":1,"minecraft:shield":1,"immersive_armors:warrior_boots":1,"minecraft:beef":10,"minecells:vine_rune":1,"minecraft:light_gray_wool":14,"minecraft:chest":1,"minecraft:sugar_cane":7,"supplementaries:rope":1,"naturalist:duck":1,"minecraft:raw_iron":29,"betternether:nether_brick_wall":4,"minecraft:bowl":1,"minecells:monsters_eye":8,"simplyswords:iron_cutlass":1,"botania:black_lotus":1,"minecraft:arrow":29,"bewitchment:garlic":1,"regions_unexplored:mauve_sapling":1,"tiered:limestone_chunk":4,"minecraft:hay_block":14,"immersive_armors:warrior_chestplate":2,"minecraft:gold_ingot":2,"paladins:golden_mace":1,"minecraft:skeleton_skull":3,"minecraft:stripped_oak_log":1,"minecraft:glow_ink_sac":6,"minecraft:leather":5,"croptopia:glowing_calamari":1,"minecraft:oak_log":5,"minecraft:gunpowder":6,"jewelry:tanzanite":2,"minecraft:apple":1,"simplyswords:iron_warglaive":1,"minecells:prison_bricks":1,"simplyswords:iron_spear":1,"minecraft:book":27,"minecells:monster_cell":48,"minecells:infected_flesh":39,"minecraft:spider_eye":2,"minecells:multiple_nocks_bow":1,"minecells:assassins_dagger":1,"minecraft:baked_potato":12,"minecraft:coal":29},"minecraft:mined":{"minecells:putrid_fence":1,"minecraft:grass_block":2,"betternether:nether_brick_wall":3,"minecraft:light_gray_bed":6,"modern_industrialization:lignite_coal_ore":20,"minecraft:iron_ore":12,"minecraft:cobbled_deepslate":2,"minecraft:enchanting_table":1,"betterarcheology:loot_vase":1,"techreborn:deepslate_galena_ore":7,"minecells:prison_bricks":1,"minecraft:torch":1,"minecraft:chest":1,"minecraft:white_candle":1,"minecraft:sugar_cane":2,"minecells:alchemy_equipment_2":2,"minecraft:wall_torch":1,"betternether:soul_grass":1,"minecraft:light_gray_wool":14,"minecraft:grass":6,"regions_unexplored:cherry_shrub":2,"minecraft:oak_log":5,"minecraft:deepslate":56,"minecraft:mossy_cobblestone":1,"minecraft:deepslate_diamond_ore":9,"minecraft:dark_oak_log":16,"minecraft:hay_block":14,"supplementaries:rope":1,"minecraft:furnace":5,"minecraft:andesite":3,"treechop:chopped_log":1,"beachparty:sand_slab":1,"soulsweapons:moonstone_ore_deepslate":3,"minecraft:bookshelf":6,"minecraft:deepslate_iron_ore":16,"betternether:nether_brick_tile_large":8,"minecraft:stripped_oak_log":1,"regions_unexplored:medium_grass":5,"minecraft:bamboo":2,"minecraft:stone":16,"regions_unexplored:windswept_grass":1,"minecraft:crafting_table":9,"twigs:roseate_seashell":2,"minecells:brittle_barrel":1,"minecraft:tall_grass":2,"regions_unexplored:mauve_log":5,"minecells:alchemy_equipment_0":1,"minecraft:deepslate_gold_ore":10,"minecraft:lapis_ore":1,"supplementaries:urn":13,"jewelry:deepslate_gem_vein":2,"minecraft:coal_ore":20,"minecraft:cobweb":1,"minecraft:gold_ore":3,"minecraft:fern":1}},"DataVersion":3465}