{"stats":{"minecraft:crafted":{"minecraft:crafting_table":1,"minecraft:iron_sword":1,"minecraft:furnace":1,"minecraft:stone_axe":1,"minecraft:air":0,"minecraft:light_gray_bed":2,"minecraft:iron_boots":1,"regions_unexplored:mauve_planks":20,"minecraft:stick":20,"minecraft:iron_ingot":10,"minecraft:iron_pickaxe":2,"minecraft:stone_pickaxe":1,"minecraft:wooden_axe":1,"minecraft:iron_leggings":1,"minecraft:dark_oak_planks":20,"minecraft:torch":32},"minecraft:used":{"beachparty:sand_slab":1,"minecraft:stone_sword":30,"minecraft:stone_pickaxe":69,"minecraft:iron_sword":15,"twigs:roseate_seashell":2,"minecraft:torch":25,"minecraft:crafting_table":2,"minecraft:wooden_axe":24,"minecraft:firework_rocket":3,"minecraft:bread":8,"minecraft:iron_pickaxe":17,"minecraft:stone_axe":3,"minecraft:furnace":1,"minecraft:cobbled_deepslate":2,"minecraft:light_gray_bed":2},"minecraft:custom":{"minecraft:interact_with_furnace":6,"lootr:looted_stat":13,"minecraft:mob_kills":8,"minecraft:interact_with_crafting_table":10,"minecraft:time_since_death":32629,"minecraft:sleep_in_bed":3,"minecraft:hex":0,"minecraft:time_since_rest":13918,"minecraft:sprint_one_cm":96318,"minecraft:damage_taken":991,"minecraft:walk_one_cm":43103,"minecraft:drop":24,"minecraft:damage_dealt":1470,"minecraft:swim_one_cm":57789,"minecraft:fly_one_cm":57978,"minecraft:crouch_one_cm":9698,"minecraft:play_time":36624,"minecraft:deaths":1,"minecraft:sneak_time":3871,"minecraft:walk_under_water_one_cm":4863,"minecraft:jump":339,"minecraft:walk_on_water_one_cm":15842,"minecraft:total_world_time":36624,"minecraft:fall_one_cm":7399},"minecraft:killed_by":{"minecraft:vindicator":1},"minecraft:killed":{"promenade:duck":2,"minecraft:vindicator":1,"minecraft:skeleton":2,"minecraft:pillager":3},"minecraft:dropped":{"twigs:bamboo_leaves":8,"minecraft:stone_sword":1,"regions_unexplored:bamboo_log":13,"minecraft:cobbled_deepslate":1,"minecraft:mossy_cobblestone":1,"minecraft:crafting_table":1,"minecraft:crossbow":1,"minecraft:cobblestone":3,"minecraft:feather":3,"minecraft:rotten_flesh":1,"regions_unexplored:cherry_shrub":2,"regions_unexplored:bamboo_sapling":2,"minecraft:dirt":7,"minecraft:dark_oak_log":11,"minecraft:wooden_axe":1,"minecraft:light_gray_bed":1,"minecraft:bamboo":37,"minecraft:stone_pickaxe":1,"fishofthieves:wrecker":1,"minecraft:dark_oak_planks":5,"twigs:twig":1,"minecraft:firework_rocket":3},"minecraft:picked_up":{"techreborn:deepslate_galena_ore":6,"modern_industrialization:lignite_coal":20,"minecraft:crafting_table":3,"minecraft:wheat":7,"minecraft:feather":3,"regions_unexplored:cherry_shrub":2,"twigs:roseate_seashell":2,"minecraft:lapis_lazuli":6,"minecraft:dirt":7,"minecraft:bone":11,"minecraft:apple":1,"regions_unexplored:bamboo_sapling":2,"minecraft:cobbled_deepslate":4,"minecraft:raw_gold":6,"minecraft:light_gray_wool":14,"minecraft:bamboo":39,"twigs:twig":1,"regions_unexplored:bamboo_log":13,"minecraft:furnace":1,"beachparty:sand_slab":1,"minecraft:raw_iron":10,"promenade:duck":2,"minecraft:torch":8,"twigs:bamboo_leaves":8,"minecraft:dark_oak_log":16,"minecraft:mossy_cobblestone":1,"minecraft:arrow":6,"minecraft:light_gray_bed":2,"minecraft:rotten_flesh":1,"regions_unexplored:mauve_sapling":1,"minecraft:diamond":1,"regions_unexplored:mauve_log":5,"minecraft:crossbow":1,"minecraft:emerald":1,"minecraft:coal":28,"minecraft:cobblestone":17},"minecraft:mined":{"minecraft:mossy_cobblestone":1,"minecraft:deepslate_diamond_ore":1,"minecraft:dark_oak_log":16,"minecraft:crafting_table":3,"minecraft:torch":1,"minecraft:grass_block":1,"twigs:roseate_seashell":2,"minecraft:light_gray_bed":2,"modern_industrialization:lignite_coal_ore":20,"regions_unexplored:mauve_log":5,"minecraft:deepslate_gold_ore":6,"minecraft:lapis_ore":1,"supplementaries:urn":2,"minecraft:furnace":1,"minecraft:iron_ore":6,"minecraft:light_gray_wool":14,"treechop:chopped_log":1,"beachparty:sand_slab":1,"minecraft:deepslate_iron_ore":4,"regions_unexplored:cherry_shrub":2,"minecraft:coal_ore":20,"regions_unexplored:medium_grass":1,"minecraft:bamboo":2,"betterarcheology:loot_vase":1,"minecraft:stone":11,"techreborn:deepslate_galena_ore":6,"minecraft:deepslate":4,"minecraft:fern":1}},"DataVersion":3465}