{"stats":{"minecraft:crafted":{"minecraft:crafting_table":2,"minecraft:iron_helmet":1,"minecraft:wooden_pickaxe":1,"minecraft:iron_sword":1,"minecraft:stone_axe":1,"minecraft:air":0,"regions_unexplored:mauve_planks":48,"minecraft:iron_boots":1,"minecraft:iron_chestplate":1,"promenade:maple_planks":32,"minecraft:stick":12,"minecraft:iron_ingot":26,"minecraft:stone_pickaxe":1,"minecraft:wooden_axe":1,"minecraft:chest":1,"minecraft:iron_leggings":1,"minecraft:torch":4},"minecraft:used":{"minecraft:stone_sword":19,"minecraft:stone_pickaxe":75,"minecraft:wooden_pickaxe":12,"minecraft:shield":3,"minecraft:iron_sword":8,"minecraft:torch":1,"minecraft:dirt":2,"minecraft:crafting_table":6,"simplyswords:storms_edge":6,"minecraft:wooden_axe":1,"minecraft:apple":3,"minecraft:bread":11,"minecraft:iron_pickaxe":54,"minecraft:stone_axe":69,"minecraft:diamond_sword":6,"minecraft:cobblestone":26,"minecraft:bucket":1,"minecraft:cobbled_deepslate":34,"minecraft:light_gray_bed":2},"minecraft:custom":{"minecraft:interact_with_smithing_table":1,"lootr:looted_stat":15,"minecraft:interact_with_furnace":14,"minecraft:mob_kills":8,"minecraft:interact_with_crafting_table":14,"minecraft:leave_game":1,"minecraft:time_since_death":47230,"minecraft:sleep_in_bed":2,"minecraft:climb_one_cm":2506,"minecraft:damage_resisted":0,"minecraft:hex":0,"minecraft:time_since_rest":22049,"minecraft:sprint_one_cm":72148,"minecraft:damage_taken":562,"minecraft:walk_one_cm":105221,"minecraft:damage_blocked_by_shield":353,"minecraft:drop":51,"minecraft:damage_dealt":851,"minecraft:swim_one_cm":18459,"minecraft:fly_one_cm":95242,"minecraft:crouch_one_cm":20919,"minecraft:play_time":47230,"minecraft:sneak_time":6669,"minecraft:walk_under_water_one_cm":7711,"minecraft:jump":729,"minecraft:walk_on_water_one_cm":5068,"minecraft:total_world_time":47230,"minecraft:fall_one_cm":15239},"minecraft:killed":{"promenade:duck":1,"minecraft:skeleton":1,"minecraft:zombie":1,"minecraft:chicken":3,"minecraft:silverfish":2},"minecraft:dropped":{"twigs:bamboo_leaves":8,"minecraft:iron_sword":1,"simplyswords:runic_tablet":1,"twigs:petrified_lichen":2,"minecraft:wheat_seeds":1,"minecraft:iron_nugget":4,"modern_industrialization:bauxite_dust":1,"bewitchment:salt":19,"minecraft:stone_sword":2,"regions_unexplored:bamboo_log":13,"minecraft:mossy_cobblestone":1,"minecraft:tuff":1,"minecraft:raw_iron":26,"minecraft:crossbow":2,"soulsweapons:moonstone":1,"minecraft:feather":1,"minecraft:cobblestone":11,"minecraft:granite":3,"techreborn:deepslate_galena_ore":6,"indrev:sulfur_crystal":2,"regions_unexplored:bamboo_sapling":2,"twigs:pebble":1,"minecraft:cobweb":8,"techreborn:raw_tin":2,"fishofthieves:earthworms":3,"simplyswords:storms_edge":1,"minecraft:wooden_axe":1,"minecraft:stone_pickaxe":1,"minecraft:wooden_pickaxe":1,"promenade:vermilion_maple_sapling":4,"fishofthieves:wrecker":1,"modern_industrialization:raw_lead":1,"minecraft:trapped_chest":1,"regions_unexplored:mauve_sapling":5,"create:raw_zinc":2,"minecraft:egg":3,"twigs:twig":9,"minecraft:bone":1,"minecraft:redstone":4},"minecraft:picked_up":{"techreborn:deepslate_galena_ore":6,"techreborn:raw_tin":2,"minecraft:feather":1,"twigs:petrified_lichen":2,"minecraft:crafting_table":5,"minecraft:chicken":3,"minecraft:diamond_sword":1,"soulsweapons:moonstone":1,"create:raw_zinc":2,"minecraft:tuff":1,"minecraft:lapis_lazuli":6,"minecraft:dirt":2,"fishofthieves:wrecker":1,"minecraft:bone":1,"travelersbackpack:backpack_tank":2,"minecraft:apple":12,"minecraft:wheat_seeds":1,"simplyswords:runic_tablet":1,"regions_unexplored:bamboo_sapling":2,"minecraft:cobbled_deepslate":62,"twigs:pebble":1,"fishofthieves:earthworms":3,"promenade:maple_log":8,"modern_industrialization:bauxite_dust":1,"twigs:twig":9,"simplyswords:storms_edge":1,"minecraft:egg":3,"regions_unexplored:bamboo_log":13,"minecraft:furnace":1,"minecraft:raw_iron":26,"promenade:duck":1,"twigs:bamboo_leaves":8,"bewitchment:salt":19,"minecraft:redstone":4,"minecraft:trapped_chest":1,"indrev:sulfur_crystal":2,"minecraft:mossy_cobblestone":1,"minecraft:dark_oak_planks":3,"regions_unexplored:mauve_planks":10,"promenade:vermilion_maple_sapling":4,"minecraft:stone_sword":1,"minecraft:light_gray_bed":3,"regions_unexplored:mauve_sapling":5,"minecraft:diamond":2,"regions_unexplored:mauve_log":12,"minecraft:granite":3,"minecraft:crossbow":2,"modern_industrialization:raw_lead":1,"minecraft:coal":36,"minecraft:cobblestone":43},"minecraft:mined":{"create:deepslate_zinc_ore":2,"minecraft:glass_pane":1,"minecraft:deepslate_diamond_ore":2,"minecraft:infested_stone_bricks":1,"minecraft:crafting_table":4,"minecraft:granite":3,"minecraft:grass_block":1,"techreborn:deepslate_tin_ore":2,"indrev:sulfur_crystal":1,"minecraft:light_gray_bed":2,"minecraft:cobblestone":1,"regions_unexplored:mauve_log":7,"supplementaries:urn":1,"minecraft:redstone_ore":1,"promenade:maple_log":3,"minecraft:iron_ore":25,"treechop:chopped_log":5,"soulsweapons:moonstone_ore_deepslate":1,"minecraft:coal_ore":35,"minecraft:deepslate_iron_ore":1,"bewitchment:salt_ore":11,"minecraft:gravel":1,"vinery:apple_leaves":4,"minecraft:stone":36,"regions_unexplored:redwood_log":23,"minecraft:deepslate":17}},"DataVersion":3465}