{"stats":{"minecraft:crafted":{"regions_unexplored:mauve_planks":20,"minecraft:crafting_table":1,"minecraft:stick":12,"minecraft:wooden_pickaxe":1,"minecraft:stone_pickaxe":1,"minecraft:wooden_axe":1,"minecraft:stone_axe":1},"minecraft:used":{"minecraft:wooden_axe":1,"minecraft:apple":1,"minecraft:stone_sword":10,"minecraft:bread":5,"minecraft:stone_pickaxe":9,"minecraft:shield":3,"minecraft:wooden_pickaxe":12,"minecraft:stone_axe":9,"minecraft:dirt":2,"minecraft:crafting_table":3,"minecraft:light_gray_bed":1},"minecraft:custom":{"minecraft:time_since_rest":1918,"minecraft:sprint_one_cm":11239,"lootr:looted_stat":1,"minecraft:damage_taken":330,"minecraft:walk_one_cm":20651,"minecraft:damage_blocked_by_shield":353,"minecraft:mob_kills":1,"minecraft:drop":9,"minecraft:damage_dealt":238,"minecraft:swim_one_cm":7363,"minecraft:interact_with_crafting_table":3,"minecraft:fly_one_cm":12454,"minecraft:crouch_one_cm":3184,"minecraft:play_time":11230,"minecraft:sneak_time":1405,"minecraft:walk_under_water_one_cm":2996,"minecraft:jump":160,"minecraft:leave_game":1,"minecraft:walk_on_water_one_cm":2304,"minecraft:time_since_death":11230,"minecraft:sleep_in_bed":1,"minecraft:total_world_time":11230,"minecraft:hex":0,"minecraft:fall_one_cm":3621},"minecraft:killed":{"minecraft:skeleton":1},"minecraft:dropped":{"minecraft:cobblestone":6,"regions_unexplored:mauve_sapling":4,"twigs:twig":4},"minecraft:picked_up":{"minecraft:crafting_table":3,"minecraft:dirt":2,"minecraft:bone":1,"minecraft:light_gray_bed":2,"minecraft:apple":1,"regions_unexplored:mauve_sapling":5,"regions_unexplored:mauve_log":12,"fishofthieves:earthworms":3,"twigs:twig":6,"minecraft:coal":9,"minecraft:cobblestone":14},"minecraft:mined":{"treechop:chopped_log":2,"minecraft:crafting_table":2,"minecraft:grass_block":1,"minecraft:coal_ore":9,"minecraft:light_gray_bed":1,"regions_unexplored:mauve_log":7,"minecraft:stone":12}},"DataVersion":3465}