{"stats":{"minecraft:crafted":{"comforts:sleeping_bag_white":1,"minecraft:iron_boots":1,"regions_unexplored:mauve_planks":48,"promenade:maple_planks":32,"minecraft:stone_pickaxe":1,"minecraft:chest":1,"minecraft:crafting_table":2,"minecraft:iron_helmet":1,"minecraft:wooden_pickaxe":1,"travelersbackpack:standard":1,"minecraft:iron_sword":1,"minecraft:stone_axe":1,"minecraft:air":0,"minecraft:iron_chestplate":1,"minecraft:stick":12,"minecraft:iron_ingot":26,"minecraft:wooden_axe":1,"minecraft:iron_leggings":1,"minecraft:torch":4},"minecraft:used":{"minecraft:stone_sword":19,"minecraft:shield":3,"minecraft:iron_sword":8,"minecraft:torch":1,"minecraft:dirt":2,"simplyswords:storms_edge":321,"minecraft:wooden_axe":1,"simplyswords:diamond_scythe":17,"minecells:blood_sword":9,"minecells:guts":11,"minecraft:cobbled_deepslate":34,"minecraft:light_gray_bed":3,"minecraft:water_bucket":1,"minecraft:stone_pickaxe":75,"minecraft:wooden_pickaxe":12,"minecraft:crafting_table":9,"minecraft:apple":12,"minecraft:bread":16,"minecraft:iron_pickaxe":55,"minecraft:stone_axe":75,"minecraft:diamond_sword":6,"minecraft:cobblestone":26,"travelersbackpack:standard":1,"minecraft:bucket":2},"minecraft:custom":{"minecraft:interact_with_smithing_table":1,"lootr:looted_stat":85,"minecraft:mob_kills":63,"minecraft:interact_with_crafting_table":20,"minecraft:damage_dealt_resisted":0,"minecraft:leave_game":3,"minecraft:time_since_death":100715,"minecraft:climb_one_cm":6443,"minecraft:damage_resisted":0,"minecraft:sprint_one_cm":193524,"minecraft:walk_one_cm":280258,"minecraft:damage_blocked_by_shield":353,"minecraft:drop":62,"minecraft:play_time":100715,"minecraft:sneak_time":7387,"minecraft:walk_under_water_one_cm":7711,"minecraft:jump":1201,"minecraft:walk_on_water_one_cm":5481,"minecraft:total_world_time":100715,"minecraft:interact_with_furnace":14,"minecraft:sleep_in_bed":4,"minecraft:hex":0,"minecraft:time_since_rest":53049,"minecraft:damage_taken":1528,"minecraft:damage_dealt":10388,"minecraft:swim_one_cm":18459,"minecraft:fly_one_cm":207298,"minecraft:crouch_one_cm":23329,"minecraft:fall_one_cm":23250},"minecraft:killed":{"promenade:duck":1,"minecells:undead_archer":13,"naturalist:boar":1,"minecraft:skeleton":1,"friendsandfoes:mauler":1,"minecraft:chicken":3,"minecraft:silverfish":2,"minecells:leaping_zombie":18,"minecells:grenadier":12,"minecraft:zombie":1,"minecells:shieldbearer":7,"minecraft:cow":3},"minecraft:dropped":{"twigs:bamboo_leaves":8,"minecraft:iron_sword":1,"minecraft:wheat_seeds":1,"modern_industrialization:bauxite_dust":1,"minecraft:lapis_lazuli":6,"minecraft:mossy_cobblestone":1,"minecraft:crossbow":2,"minecraft:feather":1,"minecraft:cobblestone":11,"minecraft:granite":3,"promenade:duck":1,"indrev:sulfur_crystal":2,"techreborn:deepslate_galena_ore":6,"regions_unexplored:daisy":1,"twigs:pebble":1,"minecraft:cobweb":8,"minecells:infected_flesh":9,"techreborn:raw_tin":2,"minecraft:wooden_axe":1,"minecells:metal_shards":1,"promenade:vermilion_maple_sapling":4,"minecraft:paper":5,"modern_industrialization:raw_lead":1,"minecraft:trapped_chest":1,"regions_unexplored:mauve_sapling":5,"create:raw_zinc":2,"twigs:twig":13,"minecraft:redstone":4,"minecraft:bone":1,"simplyswords:runic_tablet":1,"twigs:petrified_lichen":2,"bewitchment:salt":19,"minecraft:iron_nugget":4,"regions_unexplored:bamboo_log":13,"minecraft:stone_sword":2,"minecraft:tuff":1,"minecraft:raw_iron":26,"soulsweapons:moonstone":1,"minecraft:chicken":3,"regions_unexplored:bamboo_sapling":2,"fishofthieves:earthworms":3,"simplyswords:storms_edge":2,"minecraft:stone_pickaxe":1,"minecraft:wooden_pickaxe":1,"fishofthieves:wrecker":1,"minecraft:egg":3},"minecraft:picked_up":{"techreborn:deepslate_galena_ore":6,"techreborn:raw_tin":2,"minecraft:crafting_table":8,"twigs:petrified_lichen":2,"minecraft:chicken":3,"minecraft:diamond_sword":1,"soulsweapons:moonstone":1,"simplyswords:runic_tablet":1,"regions_unexplored:bamboo_sapling":2,"minecraft:cobbled_deepslate":62,"twigs:pebble":1,"minecraft:beef":1,"minecraft:furnace":1,"minecraft:egg":3,"minecells:guts":11,"minecraft:stick":1,"minecraft:raw_iron":26,"ironchests:blank_chest_upgrade":1,"minecells:monsters_eye":1,"twigs:bamboo_leaves":8,"minecraft:porkchop":1,"minecraft:redstone":4,"regions_unexplored:daisy":1,"minecraft:dark_oak_planks":3,"minecraft:stone_sword":1,"regions_unexplored:mauve_sapling":5,"minecraft:arrow":21,"minecraft:light_gray_bed":4,"minecraft:rotten_flesh":11,"regions_unexplored:mauve_log":12,"minecraft:gold_ingot":11,"minecraft:white_wool":3,"minecraft:cobblestone":43,"minecraft:feather":1,"minecraft:leather":6,"minecraft:tuff":1,"create:raw_zinc":2,"minecraft:gunpowder":5,"minecraft:lapis_lazuli":6,"minecraft:dirt":2,"minecraft:paper":10,"fishofthieves:wrecker":1,"minecraft:bone":1,"travelersbackpack:backpack_tank":2,"minecraft:apple":12,"minecraft:wheat_seeds":1,"fishofthieves:earthworms":3,"promenade:maple_log":8,"modern_industrialization:bauxite_dust":1,"twigs:twig":13,"regions_unexplored:bamboo_log":13,"simplyswords:storms_edge":2,"patchouli:guide_book":1,"promenade:duck":1,"minecells:monster_cell":22,"minecells:infected_flesh":9,"bewitchment:salt":19,"minecells:metal_shards":1,"minecraft:trapped_chest":1,"minecraft:mossy_cobblestone":1,"indrev:sulfur_crystal":2,"regions_unexplored:mauve_planks":10,"promenade:vermilion_maple_sapling":4,"minecraft:diamond":2,"minecells:explosive_bulb":4,"minecraft:crossbow":2,"minecraft:granite":3,"minecraft:emerald":1,"modern_industrialization:raw_lead":1,"minecraft:coal":36},"minecraft:mined":{"create:deepslate_zinc_ore":2,"minecraft:deepslate_diamond_ore":2,"minecraft:granite":3,"minecraft:grass_block":1,"minecraft:light_gray_bed":3,"minecraft:redstone_ore":1,"promenade:maple_log":3,"minecraft:iron_ore":25,"treechop:chopped_log":5,"soulsweapons:moonstone_ore_deepslate":1,"minecraft:deepslate_iron_ore":1,"bewitchment:salt_ore":11,"minecraft:stone":36,"regions_unexplored:redwood_log":23,"minecraft:white_wool":4,"minecraft:glass_pane":1,"minecraft:infested_stone_bricks":1,"minecraft:oak_fence":1,"minecraft:crafting_table":7,"techreborn:deepslate_tin_ore":2,"indrev:sulfur_crystal":1,"minecraft:cobblestone":1,"regions_unexplored:mauve_log":7,"minecells:alchemy_equipment_0":1,"regions_unexplored:daisy":1,"minecells:alchemy_equipment_2":2,"supplementaries:urn":1,"regions_unexplored:hyssop":1,"minecraft:grass":2,"minecraft:coal_ore":35,"minecraft:gravel":1,"vinery:apple_leaves":4,"minecraft:deepslate":17}},"DataVersion":3465}