{"stats":{"minecraft:broken":{"minecraft:iron_boots":2,"minecraft:iron_helmet":1,"immersive_armors:heavy_leggings":1},"minecraft:crafted":{"comforts:sleeping_bag_white":1,"minecraft:diamond_leggings":1,"minecraft:diamond_helmet":1,"minecraft:iron_boots":2,"regions_unexplored:mauve_planks":48,"promenade:maple_planks":32,"minecraft:stone_pickaxe":1,"minecraft:chest":1,"minecraft:wheat":126,"travelersbackpack:iron_tier_upgrade":1,"minecraft:crafting_table":3,"minecraft:iron_helmet":1,"minecraft:wooden_pickaxe":1,"travelersbackpack:standard":1,"immersive_armors:heavy_leggings":1,"minecraft:iron_sword":1,"minecraft:stone_axe":1,"minecraft:bread":42,"minecraft:air":0,"minecraft:iron_chestplate":1,"minecraft:stick":12,"minecraft:iron_ingot":37,"minecraft:wooden_axe":1,"minecraft:iron_block":4,"minecraft:iron_leggings":1,"minecraft:torch":4,"minecraft:diamond_chestplate":1},"minecraft:used":{"minecraft:stone_sword":19,"simplyswords:iron_warglaive":2,"minecraft:shield":3,"minecraft:iron_sword":8,"lootr:trophy":2,"endrem:lost_eye":1,"minecraft:torch":1,"minecraft:dirt":2,"simplyswords:storms_edge":613,"artifacts:onion_ring":1,"minecraft:wooden_axe":1,"simplyswords:diamond_scythe":38,"minecells:blood_sword":67,"minecraft:iron_boots":1,"minecells:guts":14,"minecells:balanced_blade":16,"minecraft:diamond_chestplate":1,"simplyswords:waxweaver":6,"minecraft:cobbled_deepslate":46,"minecraft:light_gray_bed":3,"minecraft:water_bucket":10,"minecraft:stone_pickaxe":75,"minecraft:oak_planks":1,"minecraft:wooden_pickaxe":12,"minecraft:crafting_table":11,"regions_unexplored:mauve_planks":39,"simplyswords:watcher_claymore":11,"minecraft:diamond_pickaxe":4,"minecraft:apple":18,"minecraft:bread":70,"minecraft:iron_pickaxe":75,"minecraft:stone_axe":75,"minecraft:diamond_sword":6,"minecraft:cobblestone":30,"travelersbackpack:standard":2,"minecraft:bucket":11,"minecraft:yellow_bed":1,"simplyswords:toxic_longsword":77},"minecraft:custom":{"minecraft:interact_with_smithing_table":4,"lootr:looted_stat":129,"minecraft:interact_with_anvil":2,"minecraft:mob_kills":129,"minecraft:interact_with_crafting_table":37,"minecraft:damage_dealt_resisted":0,"minecraft:leave_game":4,"minecraft:time_since_death":207959,"minecraft:damage_resisted":24,"minecraft:climb_one_cm":11112,"minecraft:sprint_one_cm":356955,"minecraft:walk_one_cm":521022,"minecraft:damage_blocked_by_shield":413,"minecraft:drop":118,"minecraft:play_time":207959,"minecraft:sneak_time":10337,"minecraft:walk_under_water_one_cm":14088,"minecraft:jump":3230,"minecraft:walk_on_water_one_cm":16267,"minecraft:total_world_time":207959,"minecraft:interact_with_furnace":19,"minecraft:sleep_in_bed":9,"minecraft:hex":0,"minecraft:time_since_rest":12363,"minecraft:damage_taken":4533,"minecraft:damage_dealt":25130,"minecraft:swim_one_cm":19491,"minecraft:fly_one_cm":572584,"minecraft:open_chest":44,"minecraft:crouch_one_cm":29990,"minecraft:interact_with_smoker":4,"minecraft:fall_one_cm":83169},"minecraft:killed":{"minecraft:cave_spider":1,"minecells:mutated_bat":5,"promenade:duck":1,"minecraft:spider":2,"minecells:undead_archer":15,"naturalist:boar":1,"minecraft:skeleton":6,"friendsandfoes:mauler":1,"minecraft:chicken":3,"minecraft:silverfish":2,"minecells:leaping_zombie":32,"minecells:protector":13,"minecells:grenadier":13,"artifacts:mimic":2,"graveyard:ghoul":3,"minecells:runner":6,"minecraft:zombie_villager":1,"naturalist:alligator":1,"minecraft:zombie":6,"minecells:shieldbearer":7,"minecraft:cow":3},"minecraft:dropped":{"minecraft:enchanted_book":2,"minecraft:iron_ingot":7,"twigs:bamboo_leaves":8,"minecraft:iron_sword":1,"ironchests:blank_chest_upgrade":2,"minecells:firebrands":26,"minecraft:wheat_seeds":1,"minecraft:lapis_lazuli":6,"modern_industrialization:bauxite_dust":1,"minecraft:mossy_cobblestone":1,"artifacts:shock_pendant":1,"minecraft:crossbow":2,"minecraft:feather":1,"minecraft:cobblestone":11,"minecells:greed_shield":1,"minecells:blood_sword":2,"minecells:arcane_goo":6,"minecraft:granite":3,"promenade:duck":1,"minecells:monsters_eye":1,"indrev:sulfur_crystal":2,"techreborn:deepslate_galena_ore":6,"regions_unexplored:daisy":1,"minecells:bloomrock":2,"twigs:pebble":1,"minecraft:cobweb":8,"minecells:infected_flesh":12,"techreborn:raw_tin":2,"minecells:putrid_fence":1,"minecraft:wooden_axe":1,"minecraft:iron_leggings":1,"minecells:metal_shards":4,"minecraft:mud":5,"minecraft:iron_pickaxe":2,"promenade:vermilion_maple_sapling":4,"minecraft:iron_shovel":1,"minecraft:paper":5,"croptopia:glowing_calamari":1,"modern_industrialization:raw_lead":1,"minecraft:trapped_chest":1,"regions_unexplored:mauve_sapling":5,"create:raw_zinc":2,"twigs:twig":13,"minecells:multiple_nocks_bow":1,"minecraft:redstone":4,"minecraft:bone":1,"simplyswords:runic_tablet":1,"twigs:petrified_lichen":2,"artifacts:power_glove":1,"bewitchment:salt":19,"minecraft:iron_nugget":4,"minecraft:stone_sword":2,"regions_unexplored:bamboo_log":13,"minecraft:tuff":1,"minecraft:raw_iron":26,"soulsweapons:moonstone":1,"minecraft:chicken":3,"minecraft:rotten_flesh":33,"mcdw:sword_hawkbrand":1,"minecraft:iron_boots":1,"spellbladenext:frost_orb":1,"artifacts:flame_pendant":1,"simplyswords:watcher_claymore":1,"regions_unexplored:bamboo_sapling":2,"patchouli:guide_book":2,"beachparty:rubber_ring_axolotl":1,"minecraft:shield":1,"artifacts:umbrella":1,"botania:lexicon":4,"fishofthieves:earthworms":3,"minecraft:bundle":1,"simplyswords:storms_edge":3,"minecraft:skeleton_skull":6,"minecraft:iron_chestplate":1,"artifacts:onion_ring":1,"minecraft:arrow":1,"simplyswords:diamond_scythe":1,"simplyswords:gold_spear":1,"minecraft:stone_pickaxe":1,"minecraft:wooden_pickaxe":1,"fishofthieves:wrecker":1,"simplyswords:waxweaver":1,"botania:black_lotus":2,"minecraft:water_bucket":1,"minecraft:egg":3},"minecraft:picked_up":{"techreborn:deepslate_galena_ore":6,"techreborn:raw_tin":2,"minecraft:mud":5,"minecraft:crafting_table":11,"twigs:petrified_lichen":2,"simplyswords:watcher_claymore":1,"minecraft:chicken":3,"minecraft:flower_pot":1,"artifacts:umbrella":1,"minecraft:diamond_sword":1,"minecraft:oak_stairs":1,"soulsweapons:moonstone":1,"minecraft:enchanted_book":1,"minecraft:string":5,"artifacts:power_glove":2,"simplyswords:runic_tablet":2,"regions_unexplored:bamboo_sapling":2,"minecraft:cobbled_deepslate":69,"twigs:pebble":1,"minecraft:beef":1,"minecells:vine_rune":1,"minecraft:iron_pickaxe":1,"botania:lexicon":3,"minecraft:furnace":1,"minecraft:iron_boots":2,"minecraft:egg":3,"minecells:guts":14,"minecraft:stick":1,"minecraft:raw_iron":28,"simplyswords:waxweaver":1,"minecraft:oak_fence":1,"ironchests:blank_chest_upgrade":1,"minecells:monsters_eye":1,"minecells:arcane_goo":6,"twigs:bamboo_leaves":8,"minecraft:porkchop":1,"minecraft:redstone":4,"minecells:putrid_fence":2,"regions_unexplored:daisy":1,"botania:black_lotus":1,"minecraft:dark_oak_planks":3,"simplyswords:gold_spear":1,"minecraft:stone_sword":1,"regions_unexplored:mauve_sapling":5,"minecraft:arrow":28,"minecraft:light_gray_bed":4,"minecraft:rotten_flesh":41,"regions_unexplored:mauve_log":12,"minecraft:obsidian":2,"minecraft:hay_block":14,"minecraft:gold_ingot":11,"minecraft:rail":1,"minecraft:skeleton_skull":6,"minecraft:white_wool":3,"minecraft:cobblestone":47,"minecraft:feather":1,"immersive_armors:heavy_leggings":1,"minecraft:water_bucket":1,"minecraft:leather":6,"croptopia:glowing_calamari":1,"artifacts:onion_ring":1,"minecraft:tuff":1,"create:raw_zinc":2,"supplementaries:flax_seeds":4,"artifacts:flame_pendant":1,"minecraft:yellow_bed":1,"minecraft:gunpowder":5,"lootr:trophy":1,"minecraft:lapis_lazuli":6,"minecraft:dirt":3,"minecraft:paper":10,"artifacts:shock_pendant":2,"fishofthieves:wrecker":1,"minecraft:bone":12,"travelersbackpack:backpack_tank":2,"minecraft:apple":12,"minecraft:wheat_seeds":3,"minecraft:iron_ingot":12,"fishofthieves:earthworms":3,"promenade:maple_log":8,"modern_industrialization:bauxite_dust":1,"twigs:twig":13,"minecraft:oak_planks":2,"regions_unexplored:bamboo_log":13,"simplyswords:storms_edge":2,"patchouli:guide_book":1,"promenade:duck":1,"minecells:monster_cell":38,"minecells:infected_flesh":12,"minecraft:gravel":3,"bewitchment:salt":19,"minecells:metal_shards":5,"minecraft:trapped_chest":1,"minecraft:bundle":1,"minecraft:mossy_cobblestone":1,"indrev:sulfur_crystal":2,"minecells:multiple_nocks_bow":1,"regions_unexplored:mauve_planks":11,"promenade:vermilion_maple_sapling":4,"minecraft:diamond":7,"minecells:explosive_bulb":4,"minecraft:iron_helmet":1,"minecraft:crossbow":2,"minecraft:granite":3,"minecells:bloomrock":2,"minecells:greed_shield":2,"minecraft:emerald":1,"modern_industrialization:raw_lead":1,"twigs:rhyolite":2,"minecells:blood_sword":2,"minecraft:coal":36,"beachparty:rubber_ring_axolotl":1},"minecraft:mined":{"create:deepslate_zinc_ore":2,"minecells:putrid_fence":6,"minecraft:deepslate_diamond_ore":6,"minecraft:obsidian":1,"minecraft:granite":3,"minecraft:grass_block":1,"minecraft:light_gray_bed":3,"minecraft:potted_bamboo":1,"minecells:bloomrock_tiles":1,"minecraft:spawner":2,"minecraft:hay_block":14,"minecraft:redstone_ore":1,"promenade:maple_log":3,"minecraft:iron_ore":26,"minecraft:fire":7,"treechop:chopped_log":5,"soulsweapons:moonstone_ore_deepslate":1,"minecraft:deepslate_iron_ore":2,"bewitchment:salt_ore":11,"regions_unexplored:windswept_grass":1,"regions_unexplored:medium_grass":1,"minecraft:stone":36,"regions_unexplored:redwood_log":23,"minecraft:white_wool":4,"minecraft:glass_pane":1,"minecraft:infested_stone_bricks":1,"minecraft:oak_fence":1,"minecraft:crafting_table":9,"techreborn:deepslate_tin_ore":2,"indrev:sulfur_crystal":1,"minecraft:tall_grass":1,"minecraft:cobblestone":7,"regions_unexplored:mauve_log":7,"minecells:alchemy_equipment_0":1,"regions_unexplored:daisy":1,"minecraft:oak_planks":1,"minecells:alchemy_equipment_2":2,"supplementaries:urn":3,"minecells:bloomrock":2,"regions_unexplored:hyssop":1,"lootr:trophy":1,"minecraft:yellow_bed":1,"minecraft:grass":4,"minecraft:coal_ore":35,"minecraft:gravel":1,"minecraft:cobweb":3,"twigs:rhyolite":2,"vinery:apple_leaves":4,"minecraft:deepslate":19}},"DataVersion":3465}