{"stats":{"minecraft:crafted":{"minecraft:crafting_table":1,"minecraft:iron_helmet":1,"minecraft:wooden_pickaxe":1,"minecraft:iron_sword":1,"minecraft:stone_axe":1,"minecraft:air":0,"regions_unexplored:mauve_planks":48,"minecraft:iron_boots":1,"minecraft:iron_chestplate":1,"minecraft:stick":12,"minecraft:iron_ingot":26,"minecraft:stone_pickaxe":1,"minecraft:wooden_axe":1,"minecraft:iron_leggings":1,"minecraft:torch":4},"minecraft:used":{"minecraft:stone_sword":19,"minecraft:stone_pickaxe":75,"minecraft:wooden_pickaxe":12,"minecraft:shield":3,"minecraft:iron_sword":8,"minecraft:torch":1,"minecraft:dirt":2,"minecraft:crafting_table":5,"minecraft:wooden_axe":1,"minecraft:apple":1,"minecraft:bread":9,"minecraft:iron_pickaxe":52,"minecraft:stone_axe":10,"minecraft:diamond_sword":4,"minecraft:cobblestone":23,"minecraft:cobbled_deepslate":34,"minecraft:light_gray_bed":2},"minecraft:custom":{"minecraft:interact_with_smithing_table":1,"lootr:looted_stat":10,"minecraft:interact_with_furnace":11,"minecraft:mob_kills":6,"minecraft:interact_with_crafting_table":12,"minecraft:leave_game":1,"minecraft:time_since_death":35230,"minecraft:sleep_in_bed":2,"minecraft:damage_resisted":0,"minecraft:hex":0,"minecraft:time_since_rest":10049,"minecraft:sprint_one_cm":33621,"minecraft:damage_taken":502,"minecraft:walk_one_cm":79786,"minecraft:damage_blocked_by_shield":353,"minecraft:drop":33,"minecraft:damage_dealt":664,"minecraft:swim_one_cm":9128,"minecraft:fly_one_cm":39199,"minecraft:crouch_one_cm":17458,"minecraft:play_time":35230,"minecraft:sneak_time":5496,"minecraft:walk_under_water_one_cm":3862,"minecraft:jump":512,"minecraft:walk_on_water_one_cm":2628,"minecraft:total_world_time":35230,"minecraft:fall_one_cm":12042},"minecraft:killed":{"promenade:duck":1,"minecraft:skeleton":1,"minecraft:zombie":1,"minecraft:chicken":3},"minecraft:dropped":{"twigs:bamboo_leaves":8,"minecraft:iron_sword":1,"simplyswords:runic_tablet":1,"twigs:petrified_lichen":2,"modern_industrialization:bauxite_dust":1,"bewitchment:salt":19,"minecraft:stone_sword":2,"regions_unexplored:bamboo_log":13,"minecraft:mossy_cobblestone":1,"minecraft:tuff":1,"minecraft:crossbow":2,"minecraft:cobblestone":6,"indrev:sulfur_crystal":2,"regions_unexplored:bamboo_sapling":2,"minecraft:cobweb":8,"fishofthieves:earthworms":3,"minecraft:wooden_axe":1,"minecraft:stone_pickaxe":1,"minecraft:wooden_pickaxe":1,"fishofthieves:wrecker":1,"regions_unexplored:mauve_sapling":5,"twigs:twig":6,"minecraft:bone":1},"minecraft:picked_up":{"techreborn:raw_tin":2,"minecraft:feather":1,"twigs:petrified_lichen":2,"minecraft:crafting_table":4,"minecraft:chicken":3,"minecraft:diamond_sword":1,"soulsweapons:moonstone":1,"create:raw_zinc":2,"minecraft:tuff":1,"minecraft:dirt":2,"fishofthieves:wrecker":1,"minecraft:bone":1,"minecraft:apple":1,"simplyswords:runic_tablet":1,"regions_unexplored:bamboo_sapling":2,"minecraft:cobbled_deepslate":36,"fishofthieves:earthworms":3,"modern_industrialization:bauxite_dust":1,"twigs:twig":6,"minecraft:egg":3,"regions_unexplored:bamboo_log":13,"minecraft:furnace":1,"minecraft:raw_iron":26,"promenade:duck":1,"twigs:bamboo_leaves":8,"bewitchment:salt":19,"minecraft:redstone":4,"minecraft:trapped_chest":1,"indrev:sulfur_crystal":2,"minecraft:mossy_cobblestone":1,"minecraft:dark_oak_planks":3,"minecraft:stone_sword":1,"minecraft:light_gray_bed":3,"regions_unexplored:mauve_sapling":5,"minecraft:diamond":2,"regions_unexplored:mauve_log":12,"minecraft:granite":3,"minecraft:crossbow":2,"modern_industrialization:raw_lead":1,"minecraft:coal":36,"minecraft:cobblestone":43},"minecraft:mined":{"create:deepslate_zinc_ore":2,"minecraft:deepslate_diamond_ore":2,"minecraft:crafting_table":3,"minecraft:granite":3,"minecraft:grass_block":1,"techreborn:deepslate_tin_ore":2,"indrev:sulfur_crystal":1,"minecraft:light_gray_bed":2,"minecraft:cobblestone":1,"regions_unexplored:mauve_log":7,"supplementaries:urn":1,"minecraft:redstone_ore":1,"minecraft:iron_ore":25,"treechop:chopped_log":2,"soulsweapons:moonstone_ore_deepslate":1,"minecraft:coal_ore":35,"minecraft:deepslate_iron_ore":1,"bewitchment:salt_ore":11,"minecraft:stone":36,"minecraft:deepslate":17}},"DataVersion":3465}