{"stats":{"minecraft:broken":{"minecraft:iron_boots":2,"immersive_armors:heavy_leggings":1,"minecraft:iron_helmet":1},"minecraft:crafted":{"minecraft:diamond_helmet":1,"minecraft:iron_boots":2,"minecraft:diamond_leggings":1,"minecraft:chest":1,"travelersbackpack:iron_tier_upgrade":1,"minecraft:crafting_table":3,"minecraft:wooden_pickaxe":1,"travelersbackpack:standard":1,"minecraft:iron_helmet":1,"minecraft:iron_chestplate":1,"minecraft:stick":12,"minecraft:iron_ingot":37,"minecraft:iron_block":4,"comforts:sleeping_bag_white":1,"regions_unexplored:mauve_planks":48,"promenade:maple_planks":32,"minecraft:stone_pickaxe":1,"minecraft:wheat":126,"immersive_armors:heavy_leggings":1,"minecraft:iron_sword":1,"minecraft:stone_axe":1,"minecraft:bread":42,"minecraft:air":0,"minecraft:wooden_axe":1,"minecraft:iron_leggings":1,"minecraft:torch":4,"minecraft:diamond_chestplate":1},"minecraft:used":{"minecraft:shield":3,"minecraft:iron_sword":8,"lootr:trophy":2,"minecraft:nether_bricks":4,"spellbladenext:fire_blade":1,"paladins:golden_mace":1,"minecells:balanced_blade":16,"simplyswords:waxweaver":6,"minecraft:stone_pickaxe":75,"minecraft:oak_planks":2,"minecraft:wooden_pickaxe":12,"minecraft:mushroom_stew":1,"regions_unexplored:mauve_planks":39,"simplyswords:watcher_claymore":11,"minecraft:bread":75,"minecraft:diamond_sword":6,"simplyswords:toxic_longsword":87,"minecraft:stone_sword":19,"simplyswords:iron_warglaive":2,"endrem:lost_eye":1,"minecraft:torch":1,"minecraft:dirt":2,"simplyswords:storms_edge":613,"artifacts:onion_ring":1,"minecraft:wooden_axe":1,"simplyswords:diamond_scythe":38,"minecells:blood_sword":74,"minecells:guts":14,"minecraft:iron_boots":1,"minecraft:diamond_chestplate":1,"minecraft:beef":1,"minecraft:cobbled_deepslate":69,"minecraft:light_gray_bed":3,"minecraft:water_bucket":12,"minecraft:crafting_table":11,"supplementaries:bomb":2,"minecraft:diamond_pickaxe":41,"minecraft:apple":18,"minecraft:iron_pickaxe":75,"minecraft:stone_axe":75,"minecraft:cobblestone":30,"travelersbackpack:standard":2,"minecraft:bucket":13,"minecraft:yellow_bed":1},"minecraft:custom":{"lootr:looted_stat":135,"minecraft:interact_with_crafting_table":37,"minecraft:leave_game":5,"minecraft:time_since_death":220916,"minecraft:damage_resisted":24,"minecraft:sprint_one_cm":383309,"minecraft:damage_blocked_by_shield":413,"minecraft:drop":127,"minecraft:play_time":220916,"minecraft:jump":3525,"minecraft:walk_on_water_one_cm":16683,"minecraft:interact_with_furnace":19,"minecraft:sleep_in_bed":9,"minecraft:damage_dealt":26165,"minecraft:crouch_one_cm":32779,"minecraft:interact_with_smoker":4,"minecraft:interact_with_smithing_table":5,"minecraft:mob_kills":134,"minecraft:interact_with_anvil":2,"minecraft:damage_dealt_resisted":0,"minecraft:climb_one_cm":11148,"minecraft:walk_one_cm":554955,"minecraft:sneak_time":11452,"minecraft:walk_under_water_one_cm":14088,"minecraft:total_world_time":220916,"minecraft:hex":0,"minecraft:time_since_rest":25320,"minecraft:damage_taken":4948,"minecraft:swim_one_cm":19491,"minecraft:fly_one_cm":622417,"minecraft:open_chest":44,"minecraft:fall_one_cm":91269},"minecraft:killed":{"promenade:capybara":1,"minecraft:cave_spider":1,"minecraft:spider":2,"naturalist:boar":1,"minecraft:skeleton":8,"minecraft:chicken":3,"minecraft:silverfish":2,"minecells:leaping_zombie":32,"minecells:protector":13,"minecells:grenadier":13,"artifacts:mimic":2,"minecraft:zombie_villager":1,"naturalist:alligator":1,"minecraft:zombie":6,"minecells:shieldbearer":7,"minecraft:cow":3,"minecells:mutated_bat":5,"promenade:duck":1,"minecells:undead_archer":15,"friendsandfoes:mauler":1,"graveyard:ghoul":3,"minecells:runner":6,"minecraft:wither_skeleton":1},"minecraft:dropped":{"minecraft:iron_sword":1,"modern_industrialization:bauxite_dust":1,"minecraft:lapis_lazuli":6,"artifacts:shock_pendant":1,"minecraft:crossbow":2,"minecells:blood_sword":2,"minecells:arcane_goo":6,"promenade:duck":1,"indrev:sulfur_crystal":2,"minecells:monsters_eye":1,"techreborn:deepslate_galena_ore":6,"twigs:pebble":1,"paladins:golden_mace":1,"minecells:infected_flesh":12,"techreborn:raw_tin":2,"minecraft:iron_pickaxe":3,"modern_industrialization:raw_lead":1,"regions_unexplored:mauve_sapling":5,"twigs:twig":13,"minecraft:bone":1,"simplyswords:runic_tablet":1,"artifacts:power_glove":1,"minecraft:iron_nugget":4,"bewitchment:salt":19,"minecraft:obsidian":2,"soulsweapons:moonstone":1,"minecraft:rotten_flesh":33,"mcdw:sword_hawkbrand":1,"minecraft:golden_shovel":2,"patchouli:guide_book":2,"beachparty:rubber_ring_axolotl":1,"artifacts:umbrella":1,"minecraft:skeleton_skull":6,"minecraft:arrow":1,"fishofthieves:wrecker":1,"botania:black_lotus":2,"minecraft:egg":3,"minecraft:water_bucket":1,"minecraft:enchanted_book":2,"minecraft:iron_ingot":7,"minecraft:bread":1,"twigs:bamboo_leaves":8,"minecells:firebrands":26,"minecraft:wheat_seeds":1,"ironchests:blank_chest_upgrade":2,"minecraft:mossy_cobblestone":1,"minecraft:feather":1,"minecraft:cobblestone":11,"minecells:greed_shield":1,"simplyswords:diamond_warglaive":1,"minecraft:granite":3,"regions_unexplored:daisy":1,"minecells:bloomrock":2,"minecraft:cobweb":8,"minecells:putrid_fence":1,"minecraft:wooden_axe":1,"minecraft:iron_leggings":1,"minecells:metal_shards":4,"minecraft:mud":5,"minecraft:iron_shovel":1,"promenade:vermilion_maple_sapling":4,"minecraft:paper":5,"minecraft:trapped_chest":1,"create:raw_zinc":2,"minecells:multiple_nocks_bow":1,"croptopia:glowing_calamari":1,"minecraft:redstone":4,"simplyswords:iron_cutlass":1,"twigs:petrified_lichen":2,"regions_unexplored:bamboo_log":13,"minecraft:stone_sword":2,"minecraft:bowl":1,"minecraft:tuff":1,"minecraft:raw_iron":26,"minecraft:chicken":3,"minecraft:iron_boots":1,"spellbladenext:frost_orb":1,"artifacts:flame_pendant":1,"regions_unexplored:bamboo_sapling":2,"simplyswords:watcher_claymore":1,"minecraft:shield":1,"fishofthieves:earthworms":3,"botania:lexicon":4,"simplyswords:storms_edge":3,"minecraft:bundle":1,"minecraft:iron_chestplate":1,"artifacts:onion_ring":1,"minecraft:stone_pickaxe":1,"simplyswords:gold_spear":1,"simplyswords:diamond_scythe":1,"minecraft:wooden_pickaxe":1,"simplyswords:waxweaver":1},"minecraft:picked_up":{"techreborn:deepslate_galena_ore":6,"techreborn:raw_tin":2,"beachparty:rubber_ring_axolotl":1,"simplyswords:watcher_claymore":1,"minecraft:flower_pot":1,"minecraft:diamond_sword":1,"artifacts:umbrella":1,"minecraft:oak_stairs":1,"soulsweapons:moonstone":1,"minecraft:enchanted_book":1,"minecraft:golden_shovel":2,"betternether:nether_reed_stem":1,"minecraft:string":5,"minecraft:red_nether_bricks":1,"regions_unexplored:bamboo_sapling":2,"minecraft:cobbled_deepslate":69,"twigs:pebble":1,"minecraft:iron_pickaxe":1,"minecraft:iron_boots":2,"minecraft:furnace":1,"minecraft:stick":1,"minecells:guts":14,"botania:lexicon":3,"simplyswords:waxweaver":1,"minecraft:oak_fence":1,"ironchests:blank_chest_upgrade":1,"twigs:bamboo_leaves":8,"minecraft:porkchop":1,"minecells:putrid_fence":2,"regions_unexplored:daisy":1,"simplyswords:gold_spear":1,"simplyswords:diamond_warglaive":1,"minecraft:stone_sword":1,"minecraft:light_gray_bed":4,"minecraft:rotten_flesh":41,"regions_unexplored:mauve_log":12,"minecraft:obsidian":2,"minecraft:cobblestone":47,"minecraft:feather":1,"minecraft:water_bucket":1,"minecraft:tuff":1,"create:raw_zinc":2,"supplementaries:flax_seeds":4,"artifacts:flame_pendant":1,"minecraft:dirt":3,"minecraft:lapis_lazuli":6,"lootr:trophy":1,"artifacts:shock_pendant":2,"minecraft:bone":14,"travelersbackpack:backpack_tank":2,"minecraft:bow":1,"minecraft:wheat_seeds":6,"fishofthieves:earthworms":3,"modern_industrialization:bauxite_dust":1,"twigs:twig":13,"minecraft:oak_planks":2,"regions_unexplored:bamboo_log":13,"simplyswords:storms_edge":2,"patchouli:guide_book":1,"promenade:duck":1,"minecraft:nether_brick_stairs":1,"minecells:metal_shards":5,"minecraft:trapped_chest":1,"minecraft:mossy_cobblestone":1,"indrev:sulfur_crystal":2,"regions_unexplored:mauve_planks":11,"minecraft:bundle":1,"minecells:explosive_bulb":4,"minecraft:diamond":7,"minecraft:crossbow":2,"minecraft:granite":3,"minecells:bloomrock":2,"minecraft:emerald":1,"minecraft:bread":5,"twigs:rhyolite":2,"minecraft:mud":5,"minecraft:crafting_table":11,"twigs:petrified_lichen":2,"minecraft:chicken":3,"artifacts:power_glove":2,"simplyswords:runic_tablet":2,"minecraft:beef":1,"minecells:vine_rune":1,"minecraft:egg":3,"minecraft:raw_iron":28,"minecells:monsters_eye":1,"minecells:arcane_goo":6,"simplyswords:iron_cutlass":1,"minecraft:redstone":4,"minecraft:dark_oak_planks":3,"botania:black_lotus":1,"minecraft:arrow":28,"regions_unexplored:mauve_sapling":5,"minecraft:nether_bricks":31,"minecraft:hay_block":14,"minecraft:gold_ingot":11,"paladins:golden_mace":1,"minecraft:white_wool":3,"minecraft:skeleton_skull":6,"minecraft:rail":1,"immersive_armors:heavy_leggings":1,"minecraft:leather":9,"croptopia:glowing_calamari":1,"artifacts:onion_ring":1,"minecraft:yellow_bed":1,"minecraft:gunpowder":5,"minecraft:paper":10,"fishofthieves:wrecker":1,"minecraft:apple":12,"minecraft:iron_ingot":12,"promenade:maple_log":8,"minecells:monster_cell":38,"minecraft:cracked_nether_bricks":3,"minecells:infected_flesh":12,"minecraft:gravel":3,"bewitchment:salt":19,"minecraft:nether_brick_slab":1,"minecells:multiple_nocks_bow":1,"promenade:vermilion_maple_sapling":4,"minecraft:iron_helmet":1,"minecells:greed_shield":2,"modern_industrialization:raw_lead":1,"minecraft:coal":37,"minecells:blood_sword":2},"minecraft:mined":{"create:deepslate_zinc_ore":2,"minecells:putrid_fence":6,"minecraft:red_nether_bricks":1,"minecraft:obsidian":1,"minecraft:granite":3,"minecraft:grass_block":1,"minecraft:light_gray_bed":3,"minecells:bloomrock_tiles":1,"minecraft:spawner":2,"betternether:moss_cover":1,"minecraft:iron_ore":26,"minecraft:fire":7,"minecraft:nether_brick_stairs":1,"techreborn:deepslate_tin_ore":2,"indrev:sulfur_crystal":1,"minecraft:nether_brick_slab":1,"minecraft:cobblestone":7,"minecraft:oak_planks":1,"minecells:alchemy_equipment_2":2,"minecells:bloomrock":2,"regions_unexplored:hyssop":1,"lootr:trophy":1,"minecraft:grass":4,"twigs:rhyolite":2,"vinery:apple_leaves":4,"minecraft:deepslate":19,"minecraft:deepslate_diamond_ore":6,"minecraft:nether_bricks":31,"minecraft:potted_bamboo":1,"minecraft:cracked_nether_bricks":3,"minecraft:hay_block":14,"minecraft:redstone_ore":1,"promenade:maple_log":3,"treechop:chopped_log":5,"soulsweapons:moonstone_ore_deepslate":1,"minecraft:deepslate_iron_ore":2,"bewitchment:salt_ore":11,"regions_unexplored:medium_grass":1,"minecraft:stone":36,"regions_unexplored:redwood_log":23,"regions_unexplored:windswept_grass":2,"minecraft:white_wool":4,"minecraft:glass_pane":1,"minecraft:infested_stone_bricks":1,"minecraft:oak_fence":1,"minecraft:crafting_table":9,"minecraft:tall_grass":1,"regions_unexplored:mauve_log":7,"minecells:alchemy_equipment_0":1,"regions_unexplored:daisy":1,"supplementaries:urn":3,"minecraft:yellow_bed":1,"minecraft:coal_ore":35,"minecraft:gravel":1,"minecraft:cobweb":3}},"DataVersion":3465}