{"stats":{"minecraft:broken":{"minecraft:diamond_helmet":1,"minecraft:iron_boots":3,"immersive_armors:heavy_leggings":1,"minecraft:iron_helmet":1},"minecraft:dropped":{"minecraft:iron_sword":1,"modern_industrialization:bauxite_dust":1,"minecraft:lapis_lazuli":6,"philipsruins:cracked_bone":1,"artifacts:shock_pendant":1,"minecraft:crossbow":2,"minecells:blood_sword":2,"minecraft:leather":4,"minecells:arcane_goo":6,"promenade:duck":1,"minecells:monsters_eye":1,"indrev:sulfur_crystal":2,"techreborn:deepslate_galena_ore":6,"twigs:pebble":1,"paladins:golden_mace":1,"minecells:infected_flesh":12,"techreborn:raw_tin":2,"minecraft:iron_pickaxe":4,"modern_industrialization:raw_lead":1,"minecraft:white_wool":2,"regions_unexplored:mauve_sapling":5,"twigs:twig":13,"minecraft:bone":1,"simplyswords:runic_tablet":1,"mcdw:sword_rapier":1,"artifacts:power_glove":1,"minecraft:iron_nugget":4,"bewitchment:salt":19,"minecraft:obsidian":2,"soulsweapons:moonstone":1,"minecraft:rotten_flesh":34,"mcdw:sword_hawkbrand":1,"minecraft:oak_planks":2,"minecraft:golden_shovel":2,"patchouli:guide_book":2,"beachparty:rubber_ring_axolotl":1,"supplementaries:flax_seeds":4,"artifacts:umbrella":1,"minecraft:skeleton_skull":6,"minecraft:arrow":1,"fishofthieves:wrecker":1,"botania:black_lotus":2,"minecraft:egg":3,"minecraft:enchanted_book":3,"minecraft:water_bucket":1,"minecraft:iron_ingot":7,"minecraft:bread":1,"twigs:bamboo_leaves":8,"minecells:firebrands":26,"minecraft:wheat_seeds":1,"ironchests:blank_chest_upgrade":2,"minecraft:mossy_cobblestone":1,"minecraft:diamond_leggings":2,"minecraft:poisonous_potato":1,"minecraft:iron_helmet":1,"minecraft:feather":1,"minecraft:cobblestone":11,"minecells:greed_shield":1,"simplyswords:diamond_warglaive":1,"minecraft:granite":3,"regions_unexplored:daisy":1,"minecraft:stick":10,"philipsruins:bone_bricks_slab":1,"minecells:bloomrock":2,"minecraft:cobweb":8,"minecells:putrid_fence":1,"minecraft:wooden_axe":1,"minecraft:iron_leggings":1,"minecells:metal_shards":4,"minecraft:mud":5,"minecraft:iron_shovel":1,"promenade:vermilion_maple_sapling":4,"minecraft:paper":5,"minecraft:string":42,"minecraft:trapped_chest":1,"create:raw_zinc":2,"minecells:multiple_nocks_bow":1,"croptopia:glowing_calamari":1,"minecraft:redstone":4,"simplyswords:iron_cutlass":1,"minecraft:moss_carpet":1,"twigs:petrified_lichen":2,"minecraft:stone_sword":2,"regions_unexplored:bamboo_log":13,"minecraft:bowl":1,"minecraft:tuff":1,"minecraft:raw_iron":26,"minecraft:chicken":3,"minecraft:light_gray_wool":1,"minecraft:iron_boots":1,"spellbladenext:frost_orb":1,"artifacts:flame_pendant":1,"regions_unexplored:bamboo_sapling":2,"simplyswords:watcher_claymore":1,"minecraft:shield":1,"fishofthieves:earthworms":3,"botania:lexicon":4,"simplyswords:storms_edge":3,"minecraft:bundle":1,"minecraft:iron_chestplate":1,"artifacts:onion_ring":1,"minecraft:stone_pickaxe":1,"simplyswords:gold_spear":1,"simplyswords:diamond_scythe":1,"minecraft:wooden_pickaxe":1,"simplyswords:waxweaver":1,"minecraft:black_wool":1},"minecraft:custom":{"lootr:looted_stat":223,"minecraft:interact_with_crafting_table":42,"minecraft:leave_game":6,"minecraft:time_since_death":40843,"minecraft:damage_resisted":24,"minecraft:sprint_one_cm":491022,"minecraft:damage_blocked_by_shield":413,"minecraft:drop":146,"minecraft:play_time":280095,"minecraft:deaths":1,"minecraft:jump":4449,"minecraft:interact_with_brewingstand":1,"minecraft:walk_on_water_one_cm":19341,"minecraft:interact_with_furnace":20,"minecraft:sleep_in_bed":11,"minecraft:damage_dealt":36595,"minecraft:crouch_one_cm":41187,"minecraft:interact_with_smoker":9,"minecraft:interact_with_smithing_table":5,"minecraft:mob_kills":191,"minecraft:interact_with_anvil":2,"minecraft:damage_dealt_resisted":0,"minecraft:climb_one_cm":15567,"minecraft:walk_one_cm":733096,"minecraft:sneak_time":14076,"minecraft:walk_under_water_one_cm":14475,"minecraft:total_world_time":280095,"minecraft:hex":0,"minecraft:time_since_rest":30475,"minecraft:damage_taken":8626,"minecraft:damage_absorbed":301,"minecraft:swim_one_cm":19491,"minecraft:fly_one_cm":770253,"minecraft:open_chest":69,"minecraft:threat":3,"minecraft:fall_one_cm":127702},"minecraft:killed":{"promenade:capybara":1,"minecraft:cave_spider":11,"minecraft:witch":3,"graveyard:skeleton_creeper":1,"minecraft:spider":3,"naturalist:boar":1,"minecraft:skeleton":23,"minecraft:chicken":3,"minecraft:silverfish":2,"minecells:leaping_zombie":32,"minecells:protector":13,"minecells:grenadier":13,"artifacts:mimic":3,"minecraft:zombie_villager":1,"minecraft:sheep":4,"naturalist:alligator":1,"minecraft:zombie":12,"minecraft:stray":3,"minecells:shieldbearer":7,"minecraft:cow":3,"minecells:mutated_bat":5,"promenade:duck":1,"minecraft:vindicator":1,"minecells:undead_archer":15,"friendsandfoes:mauler":1,"graveyard:ghoul":3,"minecells:runner":6,"minecraft:wither_skeleton":3},"minecraft:picked_up":{"techreborn:deepslate_galena_ore":6,"techreborn:raw_tin":2,"beachparty:rubber_ring_axolotl":1,"simplyswords:watcher_claymore":1,"minecraft:flower_pot":1,"artifacts:umbrella":1,"minecraft:diamond_sword":1,"minecraft:oak_stairs":1,"soulsweapons:moonstone":1,"minecraft:enchanted_book":1,"minecraft:golden_shovel":2,"betternether:nether_reed_stem":1,"minecraft:string":57,"minecraft:red_nether_bricks":1,"minecraft:diamond_leggings":1,"regions_unexplored:bamboo_sapling":2,"minecraft:cobbled_deepslate":69,"twigs:pebble":1,"minecraft:iron_pickaxe":2,"minecraft:furnace":1,"minecraft:iron_boots":2,"botania:lexicon":3,"minecells:guts":14,"minecraft:stick":1,"simplyswords:waxweaver":1,"minecraft:oak_fence":1,"ironchests:blank_chest_upgrade":1,"twigs:bamboo_leaves":8,"minecraft:porkchop":1,"minecells:putrid_fence":2,"regions_unexplored:daisy":1,"simplyswords:gold_spear":1,"simplyswords:diamond_warglaive":1,"minecraft:stone_sword":1,"minecraft:light_gray_bed":4,"minecraft:rotten_flesh":42,"regions_unexplored:mauve_log":12,"minecraft:obsidian":48,"minecraft:snowball":2,"minecraft:cobblestone":47,"minecraft:feather":3,"minecraft:water_bucket":1,"minecraft:potato":58,"minecraft:tuff":1,"create:raw_zinc":2,"supplementaries:flax_seeds":4,"artifacts:flame_pendant":1,"minecraft:lapis_lazuli":6,"minecraft:dirt":4,"lootr:trophy":1,"artifacts:shock_pendant":2,"minecraft:bone":30,"travelersbackpack:backpack_tank":2,"frostiful:frost_tipped_arrow":3,"minecraft:wheat_seeds":10,"minecraft:bow":1,"fishofthieves:earthworms":3,"modern_industrialization:bauxite_dust":1,"twigs:twig":13,"minecraft:oak_planks":2,"regions_unexplored:bamboo_log":13,"simplyswords:storms_edge":2,"patchouli:guide_book":1,"promenade:duck":1,"minecraft:poisonous_potato":1,"minecraft:nether_brick_stairs":5,"minecells:metal_shards":5,"minecraft:trapped_chest":1,"minecraft:mossy_cobblestone":1,"indrev:sulfur_crystal":2,"minecraft:bundle":1,"regions_unexplored:mauve_planks":11,"minecells:explosive_bulb":4,"minecraft:diamond":7,"minecraft:crossbow":2,"minecraft:granite":3,"minecells:bloomrock":2,"minecraft:emerald":4,"minecraft:bread":5,"twigs:rhyolite":2,"minecraft:diamond_pickaxe":1,"minecraft:mud":5,"minecraft:crafting_table":11,"twigs:petrified_lichen":2,"minecraft:chicken":3,"minecraft:moss_carpet":1,"artifacts:power_glove":2,"betternether:nether_ruby_leggings":1,"simplyswords:runic_tablet":2,"minecraft:beef":1,"minecells:vine_rune":1,"minecraft:light_gray_wool":1,"supplementaries:cage":1,"minecraft:egg":3,"minecraft:raw_iron":28,"philipsruins:cracked_bone":1,"minecells:monsters_eye":1,"minecells:arcane_goo":6,"simplyswords:iron_cutlass":1,"minecraft:redstone":4,"betternether:nether_ruby":6,"minecraft:dark_oak_planks":3,"botania:black_lotus":1,"minecraft:arrow":43,"regions_unexplored:mauve_sapling":5,"minecraft:nether_bricks":37,"minecraft:hay_block":14,"paladins:golden_mace":1,"minecraft:gold_ingot":11,"philipsruins:bone_bricks_slab":2,"minecraft:rail":1,"minecraft:skeleton_skull":7,"minecraft:white_wool":5,"immersive_armors:heavy_leggings":1,"minecraft:leather":13,"croptopia:glowing_calamari":1,"artifacts:onion_ring":1,"minecraft:oak_log":2,"minecraft:yellow_bed":1,"minecraft:gunpowder":5,"minecraft:paper":10,"fishofthieves:wrecker":1,"jewelry:tanzanite":1,"minecraft:cooked_mutton":6,"minecraft:apple":12,"betternether:flaming_ruby_chestplate":1,"minecraft:iron_ingot":13,"promenade:maple_log":8,"jewelry:topaz":1,"betternether:flaming_ruby_upgrade_smithing_template":4,"minecells:monster_cell":38,"minecraft:cracked_nether_bricks":3,"minecells:infected_flesh":12,"minecraft:gravel":3,"bewitchment:salt":19,"minecraft:nether_brick_slab":1,"minecraft:spider_eye":3,"philipsruins:bone_bricks_wall":5,"minecells:multiple_nocks_bow":1,"promenade:vermilion_maple_sapling":4,"minecraft:iron_helmet":2,"minecells:greed_shield":2,"modern_industrialization:raw_lead":1,"minecraft:black_wool":1,"minecraft:coal":43,"minecells:blood_sword":2},"minecraft:mined":{"create:deepslate_zinc_ore":2,"minecells:putrid_fence":6,"minecraft:red_nether_bricks":1,"minecraft:obsidian":1,"minecraft:granite":3,"minecraft:grass_block":2,"minecraft:light_gray_bed":3,"minecells:bloomrock_tiles":1,"minecraft:spawner":7,"betternether:moss_cover":1,"minecraft:iron_ore":26,"minecraft:fire":9,"minecraft:nether_brick_stairs":5,"minecraft:iron_bars":1,"techreborn:deepslate_tin_ore":2,"minecraft:nether_brick_slab":1,"indrev:sulfur_crystal":1,"minecraft:cobblestone":7,"minecraft:oak_planks":1,"minecraft:iron_door":1,"minecells:alchemy_equipment_2":2,"minecells:bloomrock":2,"regions_unexplored:hyssop":1,"lootr:trophy":1,"minecraft:grass":11,"minecraft:oak_log":2,"twigs:rhyolite":4,"vinery:apple_leaves":4,"minecraft:deepslate":19,"minecraft:deepslate_diamond_ore":6,"minecraft:nether_bricks":37,"minecraft:potted_bamboo":1,"minecraft:cracked_nether_bricks":3,"minecraft:hay_block":14,"minecraft:redstone_ore":1,"promenade:maple_log":3,"treechop:chopped_log":5,"soulsweapons:moonstone_ore_deepslate":1,"minecraft:potatoes":18,"minecraft:deepslate_iron_ore":2,"bewitchment:salt_ore":11,"regions_unexplored:medium_grass":5,"minecraft:stone":36,"regions_unexplored:redwood_log":23,"regions_unexplored:windswept_grass":3,"minecraft:white_wool":4,"minecraft:glass_pane":1,"minecraft:infested_stone_bricks":1,"minecraft:oak_fence":1,"minecraft:crafting_table":9,"supplementaries:sack":1,"minecraft:tall_grass":4,"regions_unexplored:mauve_log":7,"minecells:alchemy_equipment_0":1,"regions_unexplored:daisy":1,"supplementaries:cage":1,"supplementaries:urn":3,"minecraft:yellow_bed":1,"minecraft:coal_ore":35,"minecraft:gravel":1,"minecraft:cobweb":17,"minecraft:cracked_stone_bricks":1,"minecraft:stone_bricks":1},"minecraft:used":{"simplyswords:thunderbrand":94,"minecraft:diamond_hoe":40,"minecraft:shield":3,"minecraft:iron_sword":8,"lootr:trophy":2,"minecraft:nether_bricks":37,"minecraft:obsidian":4,"spellbladenext:fire_blade":1,"paladins:golden_mace":1,"minecells:balanced_blade":16,"minecraft:skeleton_skull":1,"simplyswords:waxweaver":6,"minecraft:potato":44,"minecraft:stone_pickaxe":75,"minecraft:oak_planks":2,"minecraft:wooden_pickaxe":12,"minecraft:golden_apple":10,"minecraft:mushroom_stew":1,"simplyswords:watcher_claymore":11,"regions_unexplored:mauve_planks":39,"minecraft:bread":90,"minecraft:diamond_sword":6,"minecraft:bone_meal":48,"simplyswords:toxic_longsword":161,"minecraft:stone_sword":19,"simplyswords:iron_warglaive":2,"endrem:lost_eye":1,"minecraft:torch":1,"minecraft:dirt":2,"simplyswords:storms_edge":613,"artifacts:onion_ring":1,"minecraft:wooden_axe":1,"simplyswords:diamond_scythe":38,"minecells:blood_sword":108,"minecraft:iron_boots":1,"minecells:guts":14,"minecraft:diamond_chestplate":1,"minecraft:beef":1,"minecraft:cobbled_deepslate":69,"minecraft:light_gray_bed":3,"minecraft:cooked_mutton":6,"minecraft:water_bucket":18,"minecraft:crafting_table":11,"supplementaries:bomb":2,"philipsruins:bone_bricks_wall":5,"minecraft:diamond_pickaxe":63,"minecraft:apple":18,"supplementaries:cage":3,"minecraft:iron_pickaxe":75,"minecraft:stone_axe":75,"minecraft:cobblestone":30,"travelersbackpack:standard":2,"minecraft:bucket":19,"minecraft:yellow_bed":1},"minecraft:crafted":{"minecraft:oak_planks":8,"minecraft:diamond_helmet":1,"minecraft:diamond_leggings":1,"minecraft:iron_boots":2,"minecraft:chest":1,"travelersbackpack:iron_tier_upgrade":1,"minecraft:crafting_table":3,"minecraft:baked_potato":16,"travelersbackpack:standard":1,"minecraft:wooden_pickaxe":1,"minecraft:iron_helmet":1,"minecraft:iron_chestplate":1,"minecraft:stick":24,"minecraft:iron_ingot":42,"minecraft:iron_block":4,"minecraft:diamond_hoe":1,"comforts:sleeping_bag_white":1,"minecraft:bone_meal":48,"regions_unexplored:mauve_planks":48,"promenade:maple_planks":32,"minecraft:stone_pickaxe":1,"minecraft:wheat":126,"immersive_armors:heavy_leggings":1,"minecraft:iron_sword":1,"minecraft:stone_axe":1,"minecraft:bread":42,"minecraft:air":0,"betternether:nether_ruby_boots":1,"minecraft:golden_apple":8,"minecraft:wooden_axe":1,"minecraft:iron_leggings":1,"minecraft:torch":4,"minecraft:diamond_chestplate":1}},"DataVersion":3465}