{"stats":{"minecraft:crafted":{"regions_unexplored:mauve_planks":20,"minecraft:crafting_table":1,"minecraft:stick":4,"minecraft:wooden_pickaxe":1,"minecraft:wooden_axe":1},"minecraft:used":{"minecraft:wooden_axe":1,"minecraft:stone_sword":6,"minecraft:crafting_table":1},"minecraft:custom":{"minecraft:time_since_rest":4616,"minecraft:crouch_one_cm":362,"minecraft:play_time":4616,"minecraft:sprint_one_cm":4074,"minecraft:walk_one_cm":3481,"minecraft:walk_under_water_one_cm":341,"minecraft:sneak_time":327,"minecraft:drop":8,"minecraft:jump":25,"minecraft:damage_dealt":163,"minecraft:leave_game":1,"minecraft:walk_on_water_one_cm":120,"minecraft:time_since_death":4616,"minecraft:total_world_time":4616,"minecraft:hex":0,"minecraft:swim_one_cm":3812,"minecraft:fall_one_cm":209,"minecraft:interact_with_crafting_table":1,"minecraft:fly_one_cm":4554},"minecraft:dropped":{"regions_unexplored:mauve_sapling":4,"twigs:twig":4},"minecraft:picked_up":{"minecraft:crafting_table":1,"regions_unexplored:mauve_sapling":4,"minecraft:apple":1,"regions_unexplored:mauve_log":5,"twigs:twig":4},"minecraft:mined":{"regions_unexplored:mauve_log":4,"treechop:chopped_log":1,"minecraft:crafting_table":1}},"DataVersion":3465}