{"stats":{"minecraft:dropped":{"minecraft:blaze_rod":2},"minecraft:custom":{"minecraft:time_since_rest":20357,"minecraft:interact_with_furnace":2,"minecraft:walk_one_cm":67529,"lootr:looted_stat":7,"minecraft:sprint_one_cm":70802,"minecraft:damage_taken":1056,"minecraft:mob_kills":7,"minecraft:drop":1,"minecraft:damage_dealt":1009,"minecraft:swim_one_cm":424,"minecraft:interact_with_crafting_table":2,"minecraft:fly_one_cm":36231,"minecraft:open_chest":14,"minecraft:crouch_one_cm":795,"minecraft:play_time":30726,"minecraft:deaths":1,"minecraft:sneak_time":240,"minecraft:walk_under_water_one_cm":192,"minecraft:damage_dealt_resisted":0,"minecraft:jump":343,"minecraft:leave_game":2,"minecraft:climb_one_cm":361,"minecraft:time_since_death":28099,"minecraft:walk_on_water_one_cm":836,"minecraft:interact_with_smoker":4,"minecraft:threat":6,"minecraft:sleep_in_bed":1,"minecraft:total_world_time":30726,"minecraft:damage_resisted":75,"minecraft:hex":0,"minecraft:fall_one_cm":4836},"minecraft:killed":{"minecraft:spider":1,"naturalist:sparrow":1,"minecraft:blaze":5},"minecraft:killed_by":{"minecraft:player":1},"minecraft:picked_up":{"artifacts:night_vision_goggles":1,"simplyswords:watcher_claymore":1,"simplyswords:hearthflame":1,"minecraft:potato":24,"minecells:balanced_blade":1,"minecraft:warped_button":1,"minecraft:nether_brick_slab":3,"bewitchment:aconite_seeds":1,"artifacts:plastic_drinking_hat":1,"artifacts:snorkel":1,"artifacts:fire_gauntlet":1,"minecraft:diamond_chestplate":1,"minecraft:diamond":24,"minecraft:diamond_leggings":1,"minecraft:gold_nugget":1,"jewelry:iron_ring":1,"minecraft:blaze_rod":2,"simplyswords:soulkeeper":1},"minecraft:mined":{"betternether:moss_cover":1,"minecraft:fire":1,"minecraft:potatoes":18,"minecraft:grass":4,"regions_unexplored:medium_grass":1},"minecraft:used":{"archers:rapid_crossbow":2,"minecraft:bread":12,"minecraft:baked_potato":3,"simplyswords:soulkeeper":2,"lootr:trophy":1,"minecells:balanced_blade":6,"minecraft:diamond_chestplate":1,"supplementaries:bomb":1,"minecraft:nether_brick_slab":3,"simplyswords:watcher_claymore":23,"minecraft:potato":18,"minecraft:diamond_leggings":1,"endrem:nether_eye":1},"minecraft:crafted":{"minecraft:diamond_helmet":1,"minecraft:baked_potato":6,"minecraft:diamond_boots":1,"minecraft:air":0}},"DataVersion":3465}