{"stats":{"minecraft:custom":{"minecraft:time_since_rest":8357,"minecraft:walk_one_cm":40106,"lootr:looted_stat":6,"minecraft:sprint_one_cm":49415,"minecraft:damage_taken":597,"minecraft:mob_kills":3,"minecraft:damage_dealt":519,"minecraft:swim_one_cm":424,"minecraft:interact_with_crafting_table":2,"minecraft:fly_one_cm":29635,"minecraft:crouch_one_cm":791,"minecraft:play_time":18726,"minecraft:deaths":1,"minecraft:sneak_time":141,"minecraft:walk_under_water_one_cm":192,"minecraft:damage_dealt_resisted":0,"minecraft:jump":220,"minecraft:leave_game":2,"minecraft:time_since_death":16099,"minecraft:walk_on_water_one_cm":462,"minecraft:threat":3,"minecraft:sleep_in_bed":1,"minecraft:total_world_time":18726,"minecraft:damage_resisted":16,"minecraft:hex":4,"minecraft:fall_one_cm":3253},"minecraft:killed":{"naturalist:sparrow":1,"minecraft:blaze":2},"minecraft:killed_by":{"minecraft:player":1},"minecraft:picked_up":{"simplyswords:watcher_claymore":1,"simplyswords:hearthflame":1,"minecells:balanced_blade":1,"minecraft:warped_button":1,"minecraft:nether_brick_slab":3,"artifacts:snorkel":1,"artifacts:fire_gauntlet":1,"minecraft:diamond_chestplate":1,"minecraft:diamond":24,"minecraft:diamond_leggings":1,"jewelry:iron_ring":1,"minecraft:blaze_rod":1,"simplyswords:soulkeeper":1},"minecraft:mined":{"betternether:moss_cover":1,"minecraft:fire":1,"minecraft:grass":1,"regions_unexplored:medium_grass":1},"minecraft:used":{"minecraft:bread":4,"simplyswords:soulkeeper":2,"minecraft:diamond_chestplate":1,"supplementaries:bomb":1,"minecraft:nether_brick_slab":3,"simplyswords:watcher_claymore":13,"minecraft:diamond_leggings":1,"endrem:nether_eye":1},"minecraft:crafted":{"minecraft:diamond_helmet":1,"minecraft:diamond_boots":1}},"DataVersion":3465}