{"stats":{"minecraft:custom":{"minecraft:time_since_rest":4965,"minecraft:crouch_one_cm":767,"minecraft:sprint_one_cm":11434,"minecraft:play_time":6726,"minecraft:deaths":1,"minecraft:damage_taken":484,"minecraft:walk_one_cm":6774,"minecraft:sneak_time":118,"minecraft:walk_under_water_one_cm":192,"minecraft:jump":54,"minecraft:damage_dealt":1,"minecraft:leave_game":2,"minecraft:walk_on_water_one_cm":462,"minecraft:time_since_death":4099,"minecraft:total_world_time":6726,"minecraft:hex":0,"minecraft:swim_one_cm":424,"minecraft:fall_one_cm":1254,"minecraft:fly_one_cm":14914},"minecraft:killed_by":{"minecraft:player":1},"minecraft:picked_up":{"artifacts:snorkel":1,"minecraft:diamond_chestplate":1,"minecraft:diamond":24,"minecraft:diamond_leggings":1},"minecraft:used":{"minecraft:diamond_chestplate":1,"minecraft:diamond_leggings":1}},"DataVersion":3465}