{
  "spellbladenext:spellblades/root": {
    "criteria": {
      "always": "2024-07-14 03:05:52 +0000"
    },
    "done": true
  },
  "minecraft:recipes/decorations/crafting_table": {
    "criteria": {
      "unlock_right_away": "2024-07-14 03:05:52 +0000"
    },
    "done": true
  },
  "betterdungeons:root": {
    "criteria": {
      "always": "2024-07-14 03:05:52 +0000"
    },
    "done": true
  },
  "betterdeserttemples:root": {
    "criteria": {
      "always": "2024-07-14 03:05:52 +0000"
    },
    "done": true
  },
  "archon:root": {
    "criteria": {
      "tick": "2024-07-14 03:05:52 +0000"
    },
    "done": true
  },
  "the_bumblezone:root": {
    "criteria": {
      "instant_granted": "2024-07-14 03:05:52 +0000"
    },
    "done": true
  },
  "things:root": {
    "criteria": {
      "tick": "2024-07-14 03:05:52 +0000"
    },
    "done": true
  },
  "rpg_classes:root": {
    "criteria": {
      "always": "2024-07-14 03:05:52 +0000"
    },
    "done": true
  },
  "mythicmobs:mythicmobs": {
    "criteria": {
      "tick": "2024-07-14 03:05:52 +0000"
    },
    "done": true
  },
  "repurposed_structures:root": {
    "criteria": {
      "always": "2024-07-14 03:05:52 +0000"
    },
    "done": true
  },
  "dungeons_arise:wda_root": {
    "criteria": {
      "WDA": "2024-07-14 03:05:52 +0000"
    },
    "done": true
  },
  "lootr:root": {
    "criteria": {
      "always_true": "2024-07-14 03:05:52 +0000"
    },
    "done": true
  },
  "the_bumblezone:wiki": {
    "criteria": {
      "instant_granted": "2024-07-14 03:05:52 +0000"
    },
    "done": true
  },
  "techreborn:recipes/chemical_reactor/calcium_carbonate": {
    "criteria": {
      "has_carbon": "2024-07-14 03:05:53 +0000",
      "has_calcium": "2024-07-14 03:05:53 +0000"
    },
    "done": true
  },
  "croptopia:recipes/campfire_toast": {
    "criteria": {
      "has_bread": "2024-07-14 03:05:53 +0000"
    },
    "done": true
  },
  "betternether:root": {
    "criteria": {
      "welcome": "2024-07-14 03:05:53 +0000"
    },
    "done": true
  },
  "betterend:root": {
    "criteria": {
      "welcome": "2024-07-14 03:05:53 +0000"
    },
    "done": true
  },
  "advancednetherite:recipes/netherite_diamond_block": {
    "criteria": {
      "has_ingredients": "2024-07-14 03:05:53 +0000"
    },
    "done": true
  },
  "ae2wtlib:recipes/wireless_universal_terminal/upgrade_crafting": {
    "criteria": {
      "has_wct": "2024-07-14 03:05:53 +0000"
    },
    "done": true
  },
  "seasonsextras:recipes/season_calendar": {
    "criteria": {
      "has_clock": "2024-07-14 03:05:53 +0000"
    },
    "done": true
  },
  "advancednetherite:recipes/misc/netherite_diamond_ingot": {
    "criteria": {
      "has_the_recipe": "2024-07-14 03:05:53 +0000"
    },
    "done": true
  },
  "techreborn:recipes/centrifuge/hydrogen_cell": {
    "criteria": {
      "has_hydrogen": "2024-07-14 03:05:53 +0000"
    },
    "done": true
  },
  "croptopia:recipes/cheeseburger": {
    "criteria": {
      "has_bread": "2024-07-14 03:05:53 +0000"
    },
    "done": true
  },
  "croptopia:recipes/food/toast_from_smoking_bread": {
    "criteria": {
      "has_bread": "2024-07-14 03:05:53 +0000"
    },
    "done": true
  },
  "ae2wtlib:recipes/wireless_pattern_encoding_terminal": {
    "criteria": {
      "has_wt": "2024-07-14 03:05:53 +0000"
    },
    "done": true
  },
  "herbalbrews:main/root": {
    "criteria": {
      "seeds": "2024-07-14 03:05:53 +0000"
    },
    "done": true
  },
  "regions_unexplored:regions_explored": {
    "criteria": {
      "grassy_beach": "2024-07-14 03:11:36 +0000",
      "rocky_meadow": "2024-07-14 03:05:53 +0000",
      "grassland": "2024-07-14 03:06:37 +0000"
    },
    "done": false
  },
  "frostiful:recipes/combat/armor/ice_skates": {
    "criteria": {
      "has_fur_boots": "2024-07-14 03:05:53 +0000"
    },
    "done": true
  },
  "techreborn:recipes/chemical_reactor/methane": {
    "criteria": {
      "has_hydrogen": "2024-07-14 03:05:53 +0000",
      "has_carbon": "2024-07-14 03:05:53 +0000"
    },
    "done": true
  },
  "techreborn:recipes/chemical_reactor/sodium_sulfide": {
    "criteria": {
      "has_sulfur": "2024-07-14 03:05:53 +0000",
      "has_sodium": "2024-07-14 03:05:53 +0000"
    },
    "done": true
  },
  "regions_unexplored:pioneer": {
    "criteria": {
      "grassy_beach": "2024-07-14 03:11:36 +0000",
      "rocky_meadow": "2024-07-14 03:05:53 +0000",
      "grassland": "2024-07-14 03:06:37 +0000"
    },
    "done": false
  },
  "advancednetherite:recipes/netherite_emerald_block": {
    "criteria": {
      "has_ingredients": "2024-07-14 03:05:53 +0000"
    },
    "done": true
  },
  "techreborn:recipes/distillation_tower/diesel": {
    "criteria": {
      "has_oil": "2024-07-14 03:05:53 +0000"
    },
    "done": true
  },
  "techreborn:recipes/chemical_reactor/nitro_diesel": {
    "criteria": {
      "has_diesel": "2024-07-14 03:05:53 +0000",
      "has_glyceryl": "2024-07-14 03:05:53 +0000"
    },
    "done": true
  },
  "advancednetherite:recipes/netherite_gold_block": {
    "criteria": {
      "has_ingredients": "2024-07-14 03:05:53 +0000"
    },
    "done": true
  },
  "toms_storage:unlock_glowstone": {
    "criteria": {
      "inv_changed-glowstone": "2024-07-14 03:05:53 +0000"
    },
    "done": true
  },
  "techreborn:recipes/centrifuge/sulfur_cell": {
    "criteria": {
      "has_sulfur": "2024-07-14 03:05:53 +0000"
    },
    "done": true
  },
  "advancednetherite:recipes/building_blocks/netherite_diamond_block": {
    "criteria": {
      "has_the_recipe": "2024-07-14 03:05:53 +0000"
    },
    "done": true
  },
  "techreborn:recipes/compressor/compressed_plantball_from_plantball": {
    "criteria": {
      "has_plantball": "2024-07-14 03:05:53 +0000"
    },
    "done": true
  },
  "ae2wtlib:recipes/wireless_universal_terminal/upgrade_pattern_encoding": {
    "criteria": {
      "has_wpt": "2024-07-14 03:05:53 +0000"
    },
    "done": true
  },
  "techreborn:recipes/vacuum_freezer/helium": {
    "criteria": {
      "has_heliumplasma": "2024-07-14 03:05:53 +0000"
    },
    "done": true
  },
  "techreborn:recipes/centrifuge/helium_cell": {
    "criteria": {
      "has_helium": "2024-07-14 03:05:53 +0000"
    },
    "done": true
  },
  "croptopia:recipes/food/toast_from_bread": {
    "criteria": {
      "has_bread": "2024-07-14 03:05:53 +0000"
    },
    "done": true
  },
  "advancednetherite:recipes/misc/netherite_iron_ingot_from_block": {
    "criteria": {
      "has_the_recipe": "2024-07-14 03:05:53 +0000"
    },
    "done": true
  },
  "frostiful:recipes/combat/armor/fur_padded_chainmail_helmet": {
    "criteria": {
      "has_fur_armor": "2024-07-14 03:05:53 +0000"
    },
    "done": true
  },
  "techreborn:recipes/chemical_reactor/sodium_persulfate": {
    "criteria": {
      "has_sodium_sulfide": "2024-07-14 03:05:53 +0000"
    },
    "done": true
  },
  "techreborn:recipes/chemical_reactor/nitro_carbon": {
    "criteria": {
      "has_nitrogen": "2024-07-14 03:05:53 +0000"
    },
    "done": true
  },
  "farmersdelight:main/root": {
    "criteria": {
      "seeds": "2024-07-14 03:05:53 +0000"
    },
    "done": true
  },
  "frostiful:recipes/combat/armor/fur_padded_chainmail_chestplate": {
    "criteria": {
      "has_fur_armor": "2024-07-14 03:05:53 +0000"
    },
    "done": true
  },
  "frostiful:recipes/combat/armor/fur_padded_chainmail_boots": {
    "criteria": {
      "has_fur_armor": "2024-07-14 03:05:53 +0000"
    },
    "done": true
  },
  "advancednetherite:recipes/building_blocks/netherite_iron_block": {
    "criteria": {
      "has_the_recipe": "2024-07-14 03:05:53 +0000"
    },
    "done": true
  },
  "techreborn:recipes/centrifuge/bread": {
    "criteria": {
      "has_bread": "2024-07-14 03:05:53 +0000"
    },
    "done": true
  },
  "create:root": {
    "criteria": {
      "0": "2024-07-14 03:05:53 +0000"
    },
    "done": true
  },
  "ae2wtlib:recipes/wireless_universal_terminal/upgrade_pattern_access": {
    "criteria": {
      "has_wit": "2024-07-14 03:05:53 +0000"
    },
    "done": true
  },
  "naturalist:recipes/food/cooked_egg": {
    "criteria": {
      "has_eggs": "2024-07-14 03:05:53 +0000"
    },
    "done": true
  },
  "toms_storage:unlock_netherite": {
    "criteria": {
      "inv_changed-netherite": "2024-07-14 03:05:53 +0000"
    },
    "done": true
  },
  "seasonsextras:recipes/tinted_greenhouse_glass": {
    "criteria": {
      "has_glass": "2024-07-14 03:05:53 +0000"
    },
    "done": true
  },
  "toms_storage:unlock_chest": {
    "criteria": {
      "inv_changed-chest": "2024-07-14 03:05:53 +0000"
    },
    "done": true
  },
  "frostiful:recipes/combat/armor/armored_ice_skates": {
    "criteria": {
      "has_fur_boots": "2024-07-14 03:05:53 +0000"
    },
    "done": true
  },
  "ae2wtlib:recipes/wireless_pattern_access_terminal": {
    "criteria": {
      "has_wt": "2024-07-14 03:05:53 +0000"
    },
    "done": true
  },
  "techreborn:recipes/centrifuge/deuterium_cell": {
    "criteria": {
      "has_deuterium": "2024-07-14 03:05:53 +0000"
    },
    "done": true
  },
  "frostiful:recipes/misc/snowflake_banner_pattern": {
    "criteria": {
      "has_packed_snowball": "2024-07-14 03:05:53 +0000"
    },
    "done": true
  },
  "advancednetherite:recipes/building_blocks/netherite_emerald_block": {
    "criteria": {
      "has_the_recipe": "2024-07-14 03:05:53 +0000"
    },
    "done": true
  },
  "seasonsextras:recipes/greenhouse_glass": {
    "criteria": {
      "has_glass": "2024-07-14 03:05:53 +0000"
    },
    "done": true
  },
  "frostiful:recipes/combat/armor/fur_padded_chainmail_leggings": {
    "criteria": {
      "has_fur_armor": "2024-07-14 03:05:53 +0000"
    },
    "done": true
  },
  "vinery:main/root": {
    "criteria": {
      "seeds": "2024-07-14 03:05:53 +0000"
    },
    "done": true
  },
  "advancednetherite:recipes/misc/netherite_emerald_ingot_from_block": {
    "criteria": {
      "has_the_recipe": "2024-07-14 03:05:53 +0000"
    },
    "done": true
  },
  "advancednetherite:recipes/netherite_iron_block": {
    "criteria": {
      "has_ingredients": "2024-07-14 03:05:53 +0000"
    },
    "done": true
  },
  "techreborn:recipes/chemical_reactor/glyceryl": {
    "criteria": {
      "has_nitro_carbon": "2024-07-14 03:05:53 +0000"
    },
    "done": true
  },
  "advancednetherite:recipes/netherite_ingots": {
    "criteria": {
      "has_ingredients": "2024-07-14 03:05:53 +0000"
    },
    "done": true
  },
  "techreborn:recipes/fusion_reactor/platinum_dust": {
    "criteria": {
      "has_beryllium": "2024-07-14 03:05:53 +0000",
      "has_wolframium": "2024-07-14 03:05:53 +0000"
    },
    "done": true
  },
  "techreborn:recipes/blast_furnace/silicon_plate": {
    "criteria": {
      "has_silicon": "2024-07-14 03:05:53 +0000"
    },
    "done": true
  },
  "toms_storage:unlock_dia_pearl": {
    "criteria": {
      "inv_changed-ender_pearl": "2024-07-14 03:05:53 +0000",
      "inv_changed-diamond": "2024-07-14 03:05:53 +0000"
    },
    "done": true
  },
  "techreborn:recipes/chemical_reactor/nitrogen_dioxide": {
    "criteria": {
      "has_nitrogen": "2024-07-14 03:05:53 +0000"
    },
    "done": true
  },
  "techreborn:recipes/centrifuge/calcium_carbonate_cell": {
    "criteria": {
      "has_calcium_carbonate": "2024-07-14 03:05:53 +0000"
    },
    "done": true
  },
  "advancednetherite:recipes/misc/netherite_diamond_ingot_from_block": {
    "criteria": {
      "has_the_recipe": "2024-07-14 03:05:53 +0000"
    },
    "done": true
  },
  "ae2wtlib:recipes/magnet_card": {
    "criteria": {
      "has_wct": "2024-07-14 03:05:53 +0000"
    },
    "done": true
  },
  "techreborn:recipes/chemical_reactor/nitrofuel": {
    "criteria": {
      "has_oil": "2024-07-14 03:05:53 +0000",
      "has_nitrogen": "2024-07-14 03:05:53 +0000"
    },
    "done": true
  },
  "techreborn:recipes/chemical_reactor/water": {
    "criteria": {
      "has_hydrogen": "2024-07-14 03:05:53 +0000",
      "has_compressed_air": "2024-07-14 03:05:53 +0000"
    },
    "done": true
  },
  "seasonsextras:recipes/season_detector": {
    "criteria": {
      "has_detector": "2024-07-14 03:05:53 +0000"
    },
    "done": true
  },
  "techreborn:recipes/chemical_reactor/nitrocoal_fuel": {
    "criteria": {
      "has_glyceryl": "2024-07-14 03:05:53 +0000"
    },
    "done": true
  },
  "seasonsextras:recipes/crop_season_tester": {
    "criteria": {
      "has_iron": "2024-07-14 03:05:53 +0000"
    },
    "done": true
  },
  "techreborn:recipes/centrifuge/lava_cell": {
    "criteria": {
      "has_lava": "2024-07-14 03:05:53 +0000"
    },
    "done": true
  },
  "techreborn:recipes/chemical_reactor/sulfuric_acid": {
    "criteria": {
      "has_sulfur": "2024-07-14 03:05:53 +0000"
    },
    "done": true
  },
  "advancednetherite:recipes/building_blocks/netherite_gold_block": {
    "criteria": {
      "has_the_recipe": "2024-07-14 03:05:53 +0000"
    },
    "done": true
  },
  "ae2wtlib:recipes/wireless_universal_terminal/ce": {
    "criteria": {
      "has_wpt": "2024-07-14 03:05:53 +0000",
      "has_wct": "2024-07-14 03:05:53 +0000"
    },
    "done": true
  },
  "ae2wtlib:recipes/wireless_universal_terminal/ca": {
    "criteria": {
      "has_wit": "2024-07-14 03:05:53 +0000",
      "has_wct": "2024-07-14 03:05:53 +0000"
    },
    "done": true
  },
  "ae2wtlib:recipes/wireless_universal_terminal/ae": {
    "criteria": {
      "has_wit": "2024-07-14 03:05:53 +0000",
      "has_wpt": "2024-07-14 03:05:53 +0000"
    },
    "done": true
  },
  "advancednetherite:recipes/misc/netherite_gold_ingot": {
    "criteria": {
      "has_the_recipe": "2024-07-14 03:05:53 +0000"
    },
    "done": true
  },
  "advancednetherite:recipes/misc/netherite_gold_ingot_from_block": {
    "criteria": {
      "has_the_recipe": "2024-07-14 03:05:53 +0000"
    },
    "done": true
  },
  "ae2wtlib:recipes/quantum_bridge_card": {
    "criteria": {
      "has_wit": "2024-07-14 03:05:53 +0000",
      "has_wpt": "2024-07-14 03:05:53 +0000",
      "has_wct": "2024-07-14 03:05:53 +0000"
    },
    "done": true
  },
  "regions_unexplored:parent": {
    "criteria": {
      "load_in_world": "2024-07-14 03:05:53 +0000"
    },
    "done": true
  },
  "seasonsextras:recipes/air_conditioning": {
    "criteria": {
      "has_furnace": "2024-07-14 03:05:53 +0000"
    },
    "done": true
  },
  "techreborn:recipes/fusion_reactor/helium_plasma": {
    "criteria": {
      "has_helium3": "2024-07-14 03:05:53 +0000",
      "has_deuterium": "2024-07-14 03:05:53 +0000"
    },
    "done": true
  },
  "techreborn:recipes/blast_furnace/titanium_ingot": {
    "criteria": {
      "has_titanium_dust": "2024-07-14 03:05:53 +0000"
    },
    "done": true
  },
  "techreborn:recipes/fusion_reactor/helium3": {
    "criteria": {
      "has_tritium": "2024-07-14 03:05:53 +0000",
      "has_deuterium": "2024-07-14 03:05:53 +0000"
    },
    "done": true
  },
  "advancednetherite:recipes/misc/netherite_emerald_ingot": {
    "criteria": {
      "has_the_recipe": "2024-07-14 03:05:53 +0000"
    },
    "done": true
  },
  "brewery:main/root": {
    "criteria": {
      "seeds": "2024-07-14 03:05:53 +0000"
    },
    "done": true
  },
  "techreborn:recipes/compressor/compressed_plantball_from_melon_slices": {
    "criteria": {
      "has_melon_slice": "2024-07-14 03:05:53 +0000"
    },
    "done": true
  },
  "techreborn:recipes/fusion_reactor/iridium_ore": {
    "criteria": {
      "has_lithium": "2024-07-14 03:05:53 +0000",
      "has_wolframium": "2024-07-14 03:05:53 +0000"
    },
    "done": true
  },
  "advancednetherite:recipes/misc/netherite_iron_ingot": {
    "criteria": {
      "has_the_recipe": "2024-07-14 03:05:53 +0000"
    },
    "done": true
  },
  "nova_structures:adventure/find_tavern": {
    "criteria": {
      "nova_structures:tavern_oak": "2024-07-14 03:06:37 +0000"
    },
    "done": true
  },
  "nova_structures:root": {
    "criteria": {
      "nova_structures:adventure/find_tavern": "2024-07-14 03:06:37 +0000"
    },
    "done": true
  },
  "regions_unexplored:recipes/transportation/maple_boat": {
    "criteria": {
      "in_water": "2024-07-14 03:06:59 +0000"
    },
    "done": true
  },
  "smallships:recipes/transportation/bamboo_galley": {
    "criteria": {
      "in_water": "2024-07-14 03:06:59 +0000"
    },
    "done": true
  },
  "smallships:recipes/transportation/acacia_cog": {
    "criteria": {
      "in_water": "2024-07-14 03:06:59 +0000"
    },
    "done": true
  },
  "bewitchment:recipes/transportation/juniper_boat": {
    "criteria": {
      "in_water": "2024-07-14 03:06:59 +0000"
    },
    "done": true
  },
  "regions_unexplored:recipes/transportation/magnolia_boat": {
    "criteria": {
      "in_water": "2024-07-14 03:06:59 +0000"
    },
    "done": true
  },
  "smallships:recipes/transportation/jungle_brigg": {
    "criteria": {
      "in_water": "2024-07-14 03:06:59 +0000"
    },
    "done": true
  },
  "smallships:recipes/transportation/birch_cog": {
    "criteria": {
      "in_water": "2024-07-14 03:06:59 +0000"
    },
    "done": true
  },
  "smallships:recipes/transportation/bamboo_brigg": {
    "criteria": {
      "in_water": "2024-07-14 03:06:59 +0000"
    },
    "done": true
  },
  "promenade:recipes/crafting/maple/boat": {
    "criteria": {
      "in_water": "2024-07-14 03:06:59 +0000"
    },
    "done": true
  },
  "regions_unexplored:recipes/transportation/socotra_boat": {
    "criteria": {
      "in_water": "2024-07-14 03:06:59 +0000"
    },
    "done": true
  },
  "smallships:recipes/transportation/mangrove_galley": {
    "criteria": {
      "in_water": "2024-07-14 03:06:59 +0000"
    },
    "done": true
  },
  "smallships:recipes/transportation/birch_brigg": {
    "criteria": {
      "in_water": "2024-07-14 03:06:59 +0000"
    },
    "done": true
  },
  "smallships:recipes/transportation/spruce_brigg": {
    "criteria": {
      "in_water": "2024-07-14 03:06:59 +0000"
    },
    "done": true
  },
  "minecraft:recipes/transportation/bamboo_raft": {
    "criteria": {
      "in_water": "2024-07-14 03:06:59 +0000"
    },
    "done": true
  },
  "smallships:recipes/transportation/mangrove_brigg": {
    "criteria": {
      "in_water": "2024-07-14 03:06:59 +0000"
    },
    "done": true
  },
  "regions_unexplored:recipes/transportation/kapok_boat": {
    "criteria": {
      "in_water": "2024-07-14 03:06:59 +0000"
    },
    "done": true
  },
  "regions_unexplored:recipes/transportation/cypress_boat": {
    "criteria": {
      "in_water": "2024-07-14 03:06:59 +0000"
    },
    "done": true
  },
  "smallships:recipes/misc/sail": {
    "criteria": {
      "in_water": "2024-07-14 03:06:59 +0000"
    },
    "done": true
  },
  "smallships:recipes/transportation/acacia_galley": {
    "criteria": {
      "in_water": "2024-07-14 03:06:59 +0000"
    },
    "done": true
  },
  "smallships:recipes/transportation/jungle_galley": {
    "criteria": {
      "in_water": "2024-07-14 03:06:59 +0000"
    },
    "done": true
  },
  "smallships:recipes/transportation/dark_oak_galley": {
    "criteria": {
      "in_water": "2024-07-14 03:06:59 +0000"
    },
    "done": true
  },
  "bewitchment:recipes/transportation/dragons_blood_boat": {
    "criteria": {
      "in_water": "2024-07-14 03:06:59 +0000"
    },
    "done": true
  },
  "smallships:recipes/transportation/oak_galley": {
    "criteria": {
      "in_water": "2024-07-14 03:06:59 +0000"
    },
    "done": true
  },
  "regions_unexplored:recipes/transportation/oak_boat": {
    "criteria": {
      "in_water": "2024-07-14 03:06:59 +0000"
    },
    "done": true
  },
  "minecraft:recipes/transportation/birch_boat": {
    "criteria": {
      "in_water": "2024-07-14 03:06:59 +0000"
    },
    "done": true
  },
  "minecraft:recipes/transportation/oak_boat": {
    "criteria": {
      "has_the_recipe": "2024-07-14 03:06:59 +0000",
      "in_water": "2024-07-14 03:06:59 +0000"
    },
    "done": true
  },
  "smallships:recipes/transportation/dark_oak_cog": {
    "criteria": {
      "in_water": "2024-07-14 03:06:59 +0000"
    },
    "done": true
  },
  "promenade:recipes/crafting/sakura/boat": {
    "criteria": {
      "in_water": "2024-07-14 03:06:59 +0000"
    },
    "done": true
  },
  "regions_unexplored:recipes/transportation/redwood_boat": {
    "criteria": {
      "in_water": "2024-07-14 03:06:59 +0000"
    },
    "done": true
  },
  "promenade:recipes/crafting/palm/boat": {
    "criteria": {
      "in_water": "2024-07-14 03:06:59 +0000"
    },
    "done": true
  },
  "smallships:recipes/transportation/cherry_galley": {
    "criteria": {
      "in_water": "2024-07-14 03:06:59 +0000"
    },
    "done": true
  },
  "regions_unexplored:recipes/transportation/willow_boat": {
    "criteria": {
      "in_water": "2024-07-14 03:06:59 +0000"
    },
    "done": true
  },
  "deeperdarker:recipes/transportation/echo_boat": {
    "criteria": {
      "in_water": "2024-07-14 03:06:59 +0000"
    },
    "done": true
  },
  "smallships:recipes/transportation/spruce_cog": {
    "criteria": {
      "in_water": "2024-07-14 03:06:59 +0000"
    },
    "done": true
  },
  "smallships:recipes/transportation/jungle_cog": {
    "criteria": {
      "in_water": "2024-07-14 03:06:59 +0000"
    },
    "done": true
  },
  "minecraft:recipes/transportation/cherry_boat": {
    "criteria": {
      "in_water": "2024-07-14 03:06:59 +0000"
    },
    "done": true
  },
  "smallships:recipes/transportation/spruce_galley": {
    "criteria": {
      "in_water": "2024-07-14 03:06:59 +0000"
    },
    "done": true
  },
  "minecraft:recipes/transportation/acacia_boat": {
    "criteria": {
      "in_water": "2024-07-14 03:06:59 +0000"
    },
    "done": true
  },
  "minecraft:recipes/transportation/jungle_boat": {
    "criteria": {
      "in_water": "2024-07-14 03:06:59 +0000"
    },
    "done": true
  },
  "smallships:recipes/transportation/bamboo_cog": {
    "criteria": {
      "in_water": "2024-07-14 03:06:59 +0000"
    },
    "done": true
  },
  "regions_unexplored:recipes/transportation/pine_boat": {
    "criteria": {
      "in_water": "2024-07-14 03:06:59 +0000"
    },
    "done": true
  },
  "minecraft:recipes/transportation/spruce_boat": {
    "criteria": {
      "in_water": "2024-07-14 03:06:59 +0000"
    },
    "done": true
  },
  "smallships:recipes/transportation/acacia_brigg": {
    "criteria": {
      "in_water": "2024-07-14 03:06:59 +0000"
    },
    "done": true
  },
  "regions_unexplored:recipes/transportation/dead_boat": {
    "criteria": {
      "in_water": "2024-07-14 03:06:59 +0000"
    },
    "done": true
  },
  "minecraft:recipes/transportation/mangrove_boat": {
    "criteria": {
      "in_water": "2024-07-14 03:06:59 +0000"
    },
    "done": true
  },
  "regions_unexplored:recipes/transportation/baobab_boat": {
    "criteria": {
      "in_water": "2024-07-14 03:06:59 +0000"
    },
    "done": true
  },
  "smallships:recipes/transportation/cherry_brigg": {
    "criteria": {
      "in_water": "2024-07-14 03:06:59 +0000"
    },
    "done": true
  },
  "smallships:recipes/transportation/mangrove_cog": {
    "criteria": {
      "in_water": "2024-07-14 03:06:59 +0000"
    },
    "done": true
  },
  "regions_unexplored:recipes/transportation/joshua_boat": {
    "criteria": {
      "in_water": "2024-07-14 03:06:59 +0000"
    },
    "done": true
  },
  "minecraft:recipes/transportation/dark_oak_boat": {
    "criteria": {
      "in_water": "2024-07-14 03:06:59 +0000"
    },
    "done": true
  },
  "smallships:recipes/transportation/dark_oak_brigg": {
    "criteria": {
      "in_water": "2024-07-14 03:06:59 +0000"
    },
    "done": true
  },
  "smallships:recipes/transportation/birch_galley": {
    "criteria": {
      "in_water": "2024-07-14 03:06:59 +0000"
    },
    "done": true
  },
  "bewitchment:recipes/transportation/elder_boat": {
    "criteria": {
      "in_water": "2024-07-14 03:06:59 +0000"
    },
    "done": true
  },
  "regions_unexplored:recipes/transportation/larch_boat": {
    "criteria": {
      "in_water": "2024-07-14 03:06:59 +0000"
    },
    "done": true
  },
  "regions_unexplored:recipes/transportation/blackwood_boat": {
    "criteria": {
      "in_water": "2024-07-14 03:06:59 +0000"
    },
    "done": true
  },
  "smallships:recipes/transportation/oak_brigg": {
    "criteria": {
      "in_water": "2024-07-14 03:06:59 +0000"
    },
    "done": true
  },
  "regions_unexplored:recipes/transportation/eucalyptus_boat": {
    "criteria": {
      "in_water": "2024-07-14 03:06:59 +0000"
    },
    "done": true
  },
  "regions_unexplored:recipes/transportation/palm_boat": {
    "criteria": {
      "in_water": "2024-07-14 03:06:59 +0000"
    },
    "done": true
  },
  "smallships:recipes/transportation/oak_cog": {
    "criteria": {
      "in_water": "2024-07-14 03:06:59 +0000"
    },
    "done": true
  },
  "bewitchment:recipes/transportation/cypress_boat": {
    "criteria": {
      "in_water": "2024-07-14 03:06:59 +0000"
    },
    "done": true
  },
  "regions_unexplored:recipes/transportation/mauve_boat": {
    "criteria": {
      "in_water": "2024-07-14 03:06:59 +0000"
    },
    "done": true
  },
  "smallships:recipes/transportation/cherry_cog": {
    "criteria": {
      "in_water": "2024-07-14 03:06:59 +0000"
    },
    "done": true
  },
  "fishofthieves:root": {
    "criteria": {
      "in_water": "2024-07-14 03:07:00 +0000"
    },
    "done": true
  },
  "mutantmonsters:root": {
    "criteria": {
      "killed_by_something": "2024-07-14 03:07:56 +0000"
    },
    "done": true
  },
  "minecraft:adventure/root": {
    "criteria": {
      "killed_by_something": "2024-07-14 03:07:56 +0000"
    },
    "done": true
  },
  "mcda:recipes/base_armors/guards_armor_chestplate": {
    "criteria": {
      "has_iron_ingot": "2024-07-14 03:19:45 +0000"
    },
    "done": true
  },
  "betternether:recipes/misc/copy_bowl_upgrade": {
    "criteria": {
      "has_diamond": "2024-07-14 03:12:41 +0000"
    },
    "done": true
  },
  "mcda:recipes/base_armors/ghostly_boots": {
    "criteria": {
      "has_iron_ingot": "2024-07-14 03:19:45 +0000"
    },
    "done": true
  },
  "betternether:all_the_biomes": {
    "criteria": {
      "betternether:bone_reef": "2024-07-14 03:19:17 +0000",
      "betternether:wart_forest_edge": "2024-07-14 03:22:13 +0000",
      "betternether:upside_down_forest": "2024-07-14 03:17:30 +0000",
      "betternether:soul_plain": "2024-07-14 03:22:19 +0000"
    },
    "done": false
  },
  "mcda:recipes/base_armors/mystery_armor_blue_boots": {
    "criteria": {
      "has_iron_ingot": "2024-07-14 03:19:45 +0000"
    },
    "done": true
  },
  "minecraft:recipes/combat/diamond_sword": {
    "criteria": {
      "has_diamond": "2024-07-14 03:12:41 +0000"
    },
    "done": true
  },
  "minecraft:recipes/decorations/jukebox": {
    "criteria": {
      "has_diamond": "2024-07-14 03:12:41 +0000"
    },
    "done": true
  },
  "soulsweapons:dragon_staff_recipe": {
    "criteria": {
      "has_item": "2024-07-14 03:23:09 +0000"
    },
    "done": true
  },
  "minecraft:recipes/combat/iron_helmet": {
    "criteria": {
      "has_iron_ingot": "2024-07-14 03:19:45 +0000"
    },
    "done": true
  },
  "handcrafted:recipes/misc/hammer": {
    "criteria": {
      "has_hammer": "2024-07-14 03:19:45 +0000"
    },
    "done": true
  },
  "betternether:recipes/tools/cincinnasite_hoe_diamond": {
    "criteria": {
      "has_item.minecraft.diamond": "2024-07-14 03:12:41 +0000"
    },
    "done": true
  },
  "supplementaries:recipes/candle_holders/candle_holder_gray": {
    "criteria": {
      "has_iron_ingot": "2024-07-14 03:19:45 +0000"
    },
    "done": true
  },
  "minecraft:recipes/decorations/chest": {
    "criteria": {
      "has_lots_of_items": "2024-07-14 03:13:47 +0000"
    },
    "done": true
  },
  "minecraft:adventure/sleep_in_bed": {
    "criteria": {
      "slept_in_bed": "2024-07-14 03:16:08 +0000"
    },
    "done": true
  },
  "simplyswords:hearthflame": {
    "criteria": {
      "requirement": "2024-07-14 03:14:33 +0000"
    },
    "done": true
  },
  "minecraft:recipes/tools/diamond_pickaxe": {
    "criteria": {
      "has_diamond": "2024-07-14 03:12:41 +0000"
    },
    "done": true
  },
  "mcdw:recipes/swords/sword_masters_katana": {
    "criteria": {
      "has_diamond": "2024-07-14 03:12:41 +0000"
    },
    "done": true
  },
  "supplementaries:recipes/candle_holders/candle_holder_light_gray": {
    "criteria": {
      "has_iron_ingot": "2024-07-14 03:19:45 +0000"
    },
    "done": true
  },
  "mcdw:recipes/shields/shield_tower_guard": {
    "criteria": {
      "has_iron_ingot": "2024-07-14 03:19:45 +0000"
    },
    "done": true
  },
  "betterarcheology:recipes/recipe_iron_brush": {
    "criteria": {
      "has_item": "2024-07-14 03:19:45 +0000"
    },
    "done": true
  },
  "netherdepthsupgrade:main/root": {
    "criteria": {
      "entered_nether": "2024-07-14 03:17:29 +0000"
    },
    "done": true
  },
  "mcda:recipes/base_armors/mystery_armor_white_leggings": {
    "criteria": {
      "has_iron_ingot": "2024-07-14 03:19:45 +0000"
    },
    "done": true
  },
  "mcda:recipes/crafting_items/iron_plate": {
    "criteria": {
      "has_iron_ingot": "2024-07-14 03:19:45 +0000"
    },
    "done": true
  },
  "endrem:main/nether_eye": {
    "criteria": {
      "nether_eye": "2024-07-14 03:20:58 +0000"
    },
    "done": true
  },
  "minecraft:recipes/combat/iron_boots": {
    "criteria": {
      "has_iron_ingot": "2024-07-14 03:19:45 +0000"
    },
    "done": true
  },
  "mcdw:recipes/swords/sword_rapier": {
    "criteria": {
      "has_iron_ingot": "2024-07-14 03:19:45 +0000"
    },
    "done": true
  },
  "mcdw:recipes/soul_daggers/soul_dagger_truthseeker": {
    "criteria": {
      "has_diamond": "2024-07-14 03:12:41 +0000"
    },
    "done": true
  },
  "mcdw:recipes/axes/axe_highland": {
    "criteria": {
      "has_iron_ingot": "2024-07-14 03:19:45 +0000"
    },
    "done": true
  },
  "supplementaries:recipes/bubble_blower": {
    "criteria": {
      "has_iron_ingot": "2024-07-14 03:19:45 +0000"
    },
    "done": true
  },
  "mcdw:recipes/shortbows/bow_mechanical_shortbow": {
    "criteria": {
      "has_iron_ingot": "2024-07-14 03:19:45 +0000"
    },
    "done": true
  },
  "bclib:recipes/misc/tag_bucket": {
    "criteria": {
      "has_tag_c_iron_ingots": "2024-07-14 03:19:45 +0000"
    },
    "done": true
  },
  "mcda:recipes/base_armors/ghostly_leggings": {
    "criteria": {
      "has_iron_ingot": "2024-07-14 03:19:45 +0000"
    },
    "done": true
  },
  "mcda:recipes/base_armors/piglin_armor_chestplate": {
    "criteria": {
      "has_iron_ingot": "2024-07-14 03:19:45 +0000"
    },
    "done": true
  },
  "croptopia:recipes/misc/knife": {
    "criteria": {
      "has_iron": "2024-07-14 03:19:45 +0000"
    },
    "done": true
  },
  "betternether:recipes/tools/cincinnasite_pickaxe_diamond": {
    "criteria": {
      "has_item.minecraft.diamond": "2024-07-14 03:12:41 +0000"
    },
    "done": true
  },
  "farmersdelight:recipes/combat/iron_knife": {
    "criteria": {
      "has_iron_ingot": "2024-07-14 03:19:45 +0000"
    },
    "done": true
  },
  "mcdw:recipes/crossbows/crossbow_veiled_crossbow": {
    "criteria": {
      "has_diamond": "2024-07-14 03:12:41 +0000"
    },
    "done": true
  },
  "mcdw:recipes/bows/bow_nocturnal_bow": {
    "criteria": {
      "has_iron_ingot": "2024-07-14 03:19:45 +0000"
    },
    "done": true
  },
  "mcdw:recipes/shortbows/bow_purple_storm": {
    "criteria": {
      "has_iron_ingot": "2024-07-14 03:19:45 +0000"
    },
    "done": true
  },
  "mcdw:recipes/crossbows/crossbow_slicer": {
    "criteria": {
      "has_iron_ingot": "2024-07-14 03:19:45 +0000"
    },
    "done": true
  },
  "betterend:recipes/misc/copy_plate_upgrade": {
    "criteria": {
      "has_diamond": "2024-07-14 03:12:41 +0000"
    },
    "done": true
  },
  "mcdw:recipes/shields/shield_vanguard": {
    "criteria": {
      "has_iron_ingot": "2024-07-14 03:19:45 +0000"
    },
    "done": true
  },
  "minecraft:recipes/misc/bucket": {
    "criteria": {
      "has_iron_ingot": "2024-07-14 03:19:45 +0000"
    },
    "done": true
  },
  "mcda:recipes/base_armors/dark_armor_boots": {
    "criteria": {
      "has_iron_ingot": "2024-07-14 03:19:45 +0000"
    },
    "done": true
  },
  "supplementaries:recipes/candle_holders/candle_holder_pink": {
    "criteria": {
      "has_iron_ingot": "2024-07-14 03:19:45 +0000"
    },
    "done": true
  },
  "mcdw:recipes/bows/bow_trickbow": {
    "criteria": {
      "has_iron_ingot": "2024-07-14 03:19:45 +0000"
    },
    "done": true
  },
  "mcdw:recipes/scythes/scythe_soul_scythe": {
    "criteria": {
      "has_diamond": "2024-07-14 03:12:41 +0000"
    },
    "done": true
  },
  "supplementaries:recipes/candle_holders/candle_holder_white": {
    "criteria": {
      "has_iron_ingot": "2024-07-14 03:19:45 +0000"
    },
    "done": true
  },
  "techreborn:recipes/misc/crafting_table/parts/template_template": {
    "criteria": {
      "has_diamond": "2024-07-14 03:12:41 +0000"
    },
    "done": true
  },
  "mcdw:recipes/swords/sword_great_axeblade": {
    "criteria": {
      "has_iron_ingot": "2024-07-14 03:19:45 +0000"
    },
    "done": true
  },
  "justhammers:recipes/tools/diamond_hammer": {
    "criteria": {
      "has_material": "2024-07-14 03:12:41 +0000"
    },
    "done": true
  },
  "mcdw:recipes/daggers/dagger_swift_striker": {
    "criteria": {
      "has_diamond": "2024-07-14 03:12:41 +0000"
    },
    "done": true
  },
  "supplementaries:recipes/iron_gate": {
    "criteria": {
      "has_iron_ingot": "2024-07-14 03:19:45 +0000"
    },
    "done": true
  },
  "minecraft:recipes/combat/shield": {
    "criteria": {
      "has_iron_ingot": "2024-07-14 03:19:45 +0000"
    },
    "done": true
  },
  "minecraft:recipes/decorations/iron_bars": {
    "criteria": {
      "has_iron_ingot": "2024-07-14 03:19:45 +0000"
    },
    "done": true
  },
  "techreborn:recipes/misc/blasting/refined_iron_ingot_from_iron_ingot": {
    "criteria": {
      "has_iron_ingot": "2024-07-14 03:19:45 +0000"
    },
    "done": true
  },
  "mcda:recipes/upgrade_cores/upgrade_core_archer": {
    "criteria": {
      "has_core_specification_item": "2024-07-14 03:11:27 +0000"
    },
    "done": true
  },
  "supplementaries:recipes/candle_holders/candle_holder_green": {
    "criteria": {
      "has_iron_ingot": "2024-07-14 03:19:45 +0000"
    },
    "done": true
  },
  "mcdw:recipes/swords/sword_frost_slayer": {
    "criteria": {
      "has_diamond": "2024-07-14 03:12:41 +0000"
    },
    "done": true
  },
  "mcdw:recipes/sickles/sickle_last_laugh_gold": {
    "criteria": {
      "has_diamond": "2024-07-14 03:12:41 +0000"
    },
    "done": true
  },
  "techreborn:recipes/industrial_grinder/diamond_dust_from_boots_with_mercury": {
    "criteria": {
      "has_diamond_boots": "2024-07-14 03:13:39 +0000"
    },
    "done": true
  },
  "supplementaries:recipes/candle_holders/candle_holder": {
    "criteria": {
      "has_iron_ingot": "2024-07-14 03:19:45 +0000"
    },
    "done": true
  },
  "techreborn:recipes/industrial_grinder/diamond_dust_from_boots_with_water": {
    "criteria": {
      "has_diamond_boots": "2024-07-14 03:13:39 +0000"
    },
    "done": true
  },
  "bewitchment:recipes/decorations/cypress_chest": {
    "criteria": {
      "has_lots_of_items": "2024-07-14 03:13:47 +0000"
    },
    "done": true
  },
  "betternether:recipes/building_blocks/nether_tile_large": {
    "criteria": {
      "has_nether_brick_slab": "2024-07-14 03:20:16 +0000"
    },
    "done": true
  },
  "mcdw:recipes/crossbows/crossbow_harpoon_crossbow": {
    "criteria": {
      "has_iron_ingot": "2024-07-14 03:19:45 +0000"
    },
    "done": true
  },
  "minecraft:recipes/tools/iron_axe": {
    "criteria": {
      "has_iron_ingot": "2024-07-14 03:19:45 +0000"
    },
    "done": true
  },
  "mcda:recipes/base_armors/guards_armor_leggings": {
    "criteria": {
      "has_iron_ingot": "2024-07-14 03:19:45 +0000"
    },
    "done": true
  },
  "minecraft:husbandry/balanced_diet": {
    "criteria": {
      "bread": "2024-07-14 03:14:22 +0000"
    },
    "done": false
  },
  "mcda:recipes/base_armors/mystery_armor_red_helmet": {
    "criteria": {
      "has_iron_ingot": "2024-07-14 03:19:45 +0000"
    },
    "done": true
  },
  "mcdw:recipes/crossbows/crossbow_rapid": {
    "criteria": {
      "has_iron_ingot": "2024-07-14 03:19:45 +0000"
    },
    "done": true
  },
  "supplementaries:recipes/candle_holders/candle_holder_yellow": {
    "criteria": {
      "has_iron_ingot": "2024-07-14 03:19:45 +0000"
    },
    "done": true
  },
  "minecraft:recipes/redstone/iron_door": {
    "criteria": {
      "has_iron_ingot": "2024-07-14 03:19:45 +0000"
    },
    "done": true
  },
  "techreborn:recipes/industrial_grinder/diamond_dust_from_helmet_with_mercury": {
    "criteria": {
      "has_diamond_helmet": "2024-07-14 03:13:45 +0000"
    },
    "done": true
  },
  "mcdw:recipes/gauntlets/gauntlet_soul_fist": {
    "criteria": {
      "has_diamond": "2024-07-14 03:12:41 +0000"
    },
    "done": true
  },
  "mcda:recipes/base_armors/mystery_armor_blue_leggings": {
    "criteria": {
      "has_iron_ingot": "2024-07-14 03:19:45 +0000"
    },
    "done": true
  },
  "mcdw:recipes/swords/sword_diamond_sword_var": {
    "criteria": {
      "has_diamond": "2024-07-14 03:12:41 +0000"
    },
    "done": true
  },
  "mcda:recipes/base_armors/mystery_armor_white_boots": {
    "criteria": {
      "has_iron_ingot": "2024-07-14 03:19:45 +0000"
    },
    "done": true
  },
  "mcdw:recipes/swords/sword_heartstealer": {
    "criteria": {
      "has_diamond": "2024-07-14 03:12:41 +0000"
    },
    "done": true
  },
  "mcdw:recipes/bows/bow_green_menace": {
    "criteria": {
      "has_iron_ingot": "2024-07-14 03:19:45 +0000"
    },
    "done": true
  },
  "mcda:recipes/base_armors/mystery_armor_blue_helmet": {
    "criteria": {
      "has_iron_ingot": "2024-07-14 03:19:45 +0000"
    },
    "done": true
  },
  "ae2:recipes/misc/decorative/light_detector": {
    "criteria": {
      "has_iron_ingot": "2024-07-14 03:19:45 +0000"
    },
    "done": true
  },
  "techreborn:recipes/blast_furnace/prize_pottery_sherd": {
    "criteria": {
      "has_diamond": "2024-07-14 03:12:41 +0000"
    },
    "done": true
  },
  "mcda:recipes/base_armors/mystery_armor_purple_boots": {
    "criteria": {
      "has_iron_ingot": "2024-07-14 03:19:45 +0000"
    },
    "done": true
  },
  "mcda:recipes/base_armors/spelunker_armor_chestplate": {
    "criteria": {
      "has_iron_ingot": "2024-07-14 03:19:45 +0000"
    },
    "done": true
  },
  "supplementaries:recipes/candle_holders/candle_holder_light_blue": {
    "criteria": {
      "has_iron_ingot": "2024-07-14 03:19:45 +0000"
    },
    "done": true
  },
  "supplementaries:recipes/bomb": {
    "criteria": {
      "has_iron_ingot": "2024-07-14 03:19:45 +0000"
    },
    "done": true
  },
  "mcdw:recipes/crossbows/crossbow_burst": {
    "criteria": {
      "has_iron_ingot": "2024-07-14 03:19:45 +0000"
    },
    "done": true
  },
  "mcda:recipes/base_armors/thief_armor_helmet": {
    "criteria": {
      "has_iron_ingot": "2024-07-14 03:19:45 +0000"
    },
    "done": true
  },
  "minecraft:recipes/decorations/lantern": {
    "criteria": {
      "has_iron_ingot": "2024-07-14 03:19:45 +0000"
    },
    "done": true
  },
  "mcda:recipes/base_armors/battle_robe_chestplate": {
    "criteria": {
      "has_iron_ingot": "2024-07-14 03:19:45 +0000"
    },
    "done": true
  },
  "mcda:recipes/base_armors/mystery_armor_green_boots": {
    "criteria": {
      "has_iron_ingot": "2024-07-14 03:19:45 +0000"
    },
    "done": true
  },
  "mcdw:recipes/bows/bow_haunted_bow": {
    "criteria": {
      "has_diamond": "2024-07-14 03:12:41 +0000"
    },
    "done": true
  },
  "minecraft:recipes/combat/diamond_helmet": {
    "criteria": {
      "has_diamond": "2024-07-14 03:12:41 +0000"
    },
    "done": true
  },
  "mcda:recipes/base_armors/sweet_tooth_chestplate": {
    "criteria": {
      "has_diamond": "2024-07-14 03:12:41 +0000"
    },
    "done": true
  },
  "soulsweapons:holy_greatsword_recipe": {
    "criteria": {
      "has_item": "2024-07-14 03:19:45 +0000"
    },
    "done": true
  },
  "techreborn:recipes/compressor/iron_plate": {
    "criteria": {
      "has_iron_ingot": "2024-07-14 03:19:45 +0000"
    },
    "done": true
  },
  "mcdw:recipes/sickles/sickle_last_laugh_silver": {
    "criteria": {
      "has_diamond": "2024-07-14 03:12:41 +0000"
    },
    "done": true
  },
  "mcdw:recipes/bows/bow_call_of_the_void": {
    "criteria": {
      "has_diamond": "2024-07-14 03:12:41 +0000"
    },
    "done": true
  },
  "simplyswords:the_watcher": {
    "criteria": {
      "requirement": "2024-07-14 03:15:34 +0000"
    },
    "done": true
  },
  "betternether:recipes/tools/cincinnasite_axe_diamond": {
    "criteria": {
      "has_item.minecraft.diamond": "2024-07-14 03:12:41 +0000"
    },
    "done": true
  },
  "mcdw:recipes/crossbows/crossbow_heavy": {
    "criteria": {
      "has_iron_ingot": "2024-07-14 03:19:45 +0000"
    },
    "done": true
  },
  "minecraft:story/mine_diamond": {
    "criteria": {
      "diamond": "2024-07-14 03:12:41 +0000"
    },
    "done": true
  },
  "minecraft:nether/find_fortress": {
    "criteria": {
      "in_better_fortress": "2024-07-14 03:19:17 +0000"
    },
    "done": true
  },
  "bclib:recipes/redstone/tag_piston": {
    "criteria": {
      "has_tag_c_iron_ingots": "2024-07-14 03:19:45 +0000"
    },
    "done": true
  },
  "netherdepthsupgrade:recipes/netherdepthsupgrade/lava_fishing_rod": {
    "criteria": {
      "has_blaze_rod": "2024-07-14 03:23:09 +0000"
    },
    "done": true
  },
  "mcda:recipes/base_armors/emerald_gear_leggings": {
    "criteria": {
      "has_iron_ingot": "2024-07-14 03:19:45 +0000"
    },
    "done": true
  },
  "farmersdelight:recipes/combat/diamond_knife": {
    "criteria": {
      "has_diamond": "2024-07-14 03:12:41 +0000"
    },
    "done": true
  },
  "bewitchment:recipes/decorations/dragons_blood_chest": {
    "criteria": {
      "has_lots_of_items": "2024-07-14 03:13:47 +0000"
    },
    "done": true
  },
  "lootr:1chest": {
    "criteria": {
      "opened_chest": "2024-07-14 03:19:41 +0000"
    },
    "done": true
  },
  "mcdw:recipes/crossbows/crossbow_auto": {
    "criteria": {
      "has_iron_ingot": "2024-07-14 03:19:45 +0000"
    },
    "done": true
  },
  "minecraft:recipes/combat/iron_leggings": {
    "criteria": {
      "has_iron_ingot": "2024-07-14 03:19:45 +0000"
    },
    "done": true
  },
  "bewitchment:recipes/decorations/juniper_chest": {
    "criteria": {
      "has_lots_of_items": "2024-07-14 03:13:47 +0000"
    },
    "done": true
  },
  "alloy_forgery:recipes/alloy_forgery/iron_block": {
    "criteria": {
      "has_the_recipe": "2024-07-14 03:19:45 +0000"
    },
    "done": true
  },
  "mcda:recipes/base_armors/sweet_tooth_boots": {
    "criteria": {
      "has_diamond": "2024-07-14 03:12:41 +0000"
    },
    "done": true
  },
  "mcda:recipes/base_armors/mystery_armor_purple_helmet": {
    "criteria": {
      "has_iron_ingot": "2024-07-14 03:19:45 +0000"
    },
    "done": true
  },
  "betterend:recipes/misc/copy_netherite_upgrade": {
    "criteria": {
      "has_diamond": "2024-07-14 03:12:41 +0000"
    },
    "done": true
  },
  "minecraft:recipes/tools/iron_hoe": {
    "criteria": {
      "has_iron_ingot": "2024-07-14 03:19:45 +0000"
    },
    "done": true
  },
  "betternether:recipes/brewing/nether_brewing_stand": {
    "criteria": {
      "has_blaze_rod": "2024-07-14 03:23:09 +0000"
    },
    "done": true
  },
  "bclib:recipes/decorations/tag_smith_table": {
    "criteria": {
      "has_tag_c_iron_ingots": "2024-07-14 03:19:45 +0000"
    },
    "done": true
  },
  "mcda:recipes/base_armors/spelunker_armor_boots": {
    "criteria": {
      "has_iron_ingot": "2024-07-14 03:19:45 +0000"
    },
    "done": true
  },
  "mcda:recipes/base_armors/sweet_tooth_helmet": {
    "criteria": {
      "has_diamond": "2024-07-14 03:12:41 +0000"
    },
    "done": true
  },
  "mcdw:recipes/longbows/bow_guardian_bow": {
    "criteria": {
      "has_iron_ingot": "2024-07-14 03:19:45 +0000"
    },
    "done": true
  },
  "betterend:recipes/misc/iron_hammer": {
    "criteria": {
      "has_iron_ingot": "2024-07-14 03:19:45 +0000"
    },
    "done": true
  },
  "minecraft:nether/root": {
    "criteria": {
      "entered_nether": "2024-07-14 03:17:29 +0000"
    },
    "done": true
  },
  "bewitchment:recipes/decorations/elder_chest": {
    "criteria": {
      "has_lots_of_items": "2024-07-14 03:13:47 +0000"
    },
    "done": true
  },
  "mcdw:recipes/daggers/dagger_tempest_knife": {
    "criteria": {
      "has_iron_ingot": "2024-07-14 03:19:45 +0000"
    },
    "done": true
  },
  "handcrafted:recipes/misc/bench": {
    "criteria": {
      "has_bench": "2024-07-14 03:19:45 +0000"
    },
    "done": true
  },
  "mcda:recipes/base_armors/mystery_armor_white_helmet": {
    "criteria": {
      "has_iron_ingot": "2024-07-14 03:19:45 +0000"
    },
    "done": true
  },
  "betternether:recipes/tools/cincinnasite_shovel_diamond": {
    "criteria": {
      "has_item.minecraft.diamond": "2024-07-14 03:12:41 +0000"
    },
    "done": true
  },
  "mcdw:recipes/swords/sword_broadsword": {
    "criteria": {
      "has_iron_ingot": "2024-07-14 03:19:45 +0000"
    },
    "done": true
  },
  "supplementaries:recipes/candle_holders/candle_holder_cyan": {
    "criteria": {
      "has_iron_ingot": "2024-07-14 03:19:45 +0000"
    },
    "done": true
  },
  "supplementaries:recipes/pulley": {
    "criteria": {
      "has_iron_ingot": "2024-07-14 03:19:45 +0000"
    },
    "done": true
  },
  "rpg_classes:obtain_arrow": {
    "criteria": {
      "arrow": "2024-07-14 03:11:27 +0000"
    },
    "done": true
  },
  "mcda:recipes/base_armors/thief_armor_boots": {
    "criteria": {
      "has_iron_ingot": "2024-07-14 03:19:45 +0000"
    },
    "done": true
  },
  "bclib:recipes/decorations/tag_stonecutter": {
    "criteria": {
      "has_tag_c_iron_ingots": "2024-07-14 03:19:45 +0000"
    },
    "done": true
  },
  "betterend:recipes/misc/copy_leather_handle_attachment": {
    "criteria": {
      "has_diamond": "2024-07-14 03:12:41 +0000"
    },
    "done": true
  },
  "bewitchment:recipes/decorations/iron_candelabra": {
    "criteria": {
      "has_item": "2024-07-14 03:19:45 +0000"
    },
    "done": true
  },
  "croptopia:recipes/misc/cooking_pot": {
    "criteria": {
      "has_iron": "2024-07-14 03:19:45 +0000"
    },
    "done": true
  },
  "mcda:recipes/base_armors/guards_armor_boots": {
    "criteria": {
      "has_iron_ingot": "2024-07-14 03:19:45 +0000"
    },
    "done": true
  },
  "mcda:recipes/base_armors/goat_gear_helmet": {
    "criteria": {
      "has_iron_ingot": "2024-07-14 03:19:45 +0000"
    },
    "done": true
  },
  "techreborn:recipes/industrial_sawmill/saw_small_dust_from_wooden_buttons": {
    "criteria": {
      "has_tag_minecraft_wooden_buttons": "2024-07-14 03:20:16 +0000"
    },
    "done": true
  },
  "mcdw:recipes/crossbows/crossbow_slayer": {
    "criteria": {
      "has_iron_ingot": "2024-07-14 03:19:45 +0000"
    },
    "done": true
  },
  "mcda:recipes/base_armors/mystery_armor_red_boots": {
    "criteria": {
      "has_iron_ingot": "2024-07-14 03:19:45 +0000"
    },
    "done": true
  },
  "botania:recipes/misc/conversions/blazeblock_deconstruct": {
    "criteria": {
      "has_item": "2024-07-14 03:23:09 +0000"
    },
    "done": true
  },
  "simplyswords:soulkeeper": {
    "criteria": {
      "requirement": "2024-07-14 03:15:40 +0000"
    },
    "done": true
  },
  "mcda:recipes/base_armors/dark_armor_leggings": {
    "criteria": {
      "has_iron_ingot": "2024-07-14 03:19:45 +0000"
    },
    "done": true
  },
  "minecraft:nether/obtain_blaze_rod": {
    "criteria": {
      "blaze_rod": "2024-07-14 03:23:09 +0000"
    },
    "done": true
  },
  "minecraft:story/shiny_gear": {
    "criteria": {
      "diamond_chestplate": "2024-07-14 03:13:09 +0000"
    },
    "done": true
  },
  "mcdw:recipes/daggers/dagger_resolute_tempest_knife": {
    "criteria": {
      "has_diamond": "2024-07-14 03:12:41 +0000"
    },
    "done": true
  },
  "mcdw:recipes/shields/shield_royal_guard": {
    "criteria": {
      "has_iron_ingot": "2024-07-14 03:19:45 +0000"
    },
    "done": true
  },
  "mcda:recipes/base_armors/mystery_armor_white_chestplate": {
    "criteria": {
      "has_iron_ingot": "2024-07-14 03:19:45 +0000"
    },
    "done": true
  },
  "create:recipes/misc/crafting/materials/andesite_alloy": {
    "criteria": {
      "has_item": "2024-07-14 03:19:45 +0000"
    },
    "done": true
  },
  "minecraft:recipes/tools/diamond_hoe": {
    "criteria": {
      "has_diamond": "2024-07-14 03:12:41 +0000"
    },
    "done": true
  },
  "herbalbrews:recipes/tea_kettle": {
    "criteria": {
      "has_iron_ingot": "2024-07-14 03:19:45 +0000"
    },
    "done": true
  },
  "minecraft:recipes/redstone/hopper": {
    "criteria": {
      "has_iron_ingot": "2024-07-14 03:19:45 +0000"
    },
    "done": true
  },
  "mcda:recipes/base_armors/mystery_armor_red_chestplate": {
    "criteria": {
      "has_iron_ingot": "2024-07-14 03:19:45 +0000"
    },
    "done": true
  },
  "supplementaries:recipes/candle_holders/candle_holder_orange": {
    "criteria": {
      "has_iron_ingot": "2024-07-14 03:19:45 +0000"
    },
    "done": true
  },
  "croptopia:recipes/misc/frying_pan": {
    "criteria": {
      "has_iron": "2024-07-14 03:19:45 +0000"
    },
    "done": true
  },
  "supplementaries:recipes/candle_holders/candle_holder_red": {
    "criteria": {
      "has_iron_ingot": "2024-07-14 03:19:45 +0000"
    },
    "done": true
  },
  "mcdw:recipes/sickles/sickle_nightmares_bite": {
    "criteria": {
      "has_iron_ingot": "2024-07-14 03:19:45 +0000"
    },
    "done": true
  },
  "mcdw:recipes/bows/bow_sabrewing": {
    "criteria": {
      "has_iron_ingot": "2024-07-14 03:19:45 +0000"
    },
    "done": true
  },
  "mcdw:recipes/bows/bow_echo_of_the_valley": {
    "criteria": {
      "has_iron_ingot": "2024-07-14 03:19:45 +0000"
    },
    "done": true
  },
  "mcdw:recipes/swords/sword_katana": {
    "criteria": {
      "has_iron_ingot": "2024-07-14 03:19:45 +0000"
    },
    "done": true
  },
  "minecraft:recipes/redstone/iron_trapdoor": {
    "criteria": {
      "has_iron_ingot": "2024-07-14 03:19:45 +0000"
    },
    "done": true
  },
  "minecraft:recipes/building_blocks/chiseled_nether_bricks": {
    "criteria": {
      "has_nether_brick_slab": "2024-07-14 03:20:16 +0000"
    },
    "done": true
  },
  "minecraft:recipes/building_blocks/diamond_block": {
    "criteria": {
      "has_diamond": "2024-07-14 03:12:41 +0000"
    },
    "done": true
  },
  "mcdw:recipes/bows/bow_power_bow": {
    "criteria": {
      "has_iron_ingot": "2024-07-14 03:19:45 +0000"
    },
    "done": true
  },
  "supplementaries:recipes/candle_holders/candle_holder_magenta": {
    "criteria": {
      "has_iron_ingot": "2024-07-14 03:19:45 +0000"
    },
    "done": true
  },
  "vinery:recipes/big_table": {
    "criteria": {
      "has_iron_ingot": "2024-07-14 03:19:45 +0000"
    },
    "done": true
  },
  "beachparty:beachpartymini_fridge": {
    "criteria": {
      "has_iron_ingot": "2024-07-14 03:19:45 +0000"
    },
    "done": true
  },
  "mcda:recipes/base_armors/guards_armor_helmet": {
    "criteria": {
      "has_iron_ingot": "2024-07-14 03:19:45 +0000"
    },
    "done": true
  },
  "mcdw:recipes/crossbows/crossbow_butterfly": {
    "criteria": {
      "has_iron_ingot": "2024-07-14 03:19:45 +0000"
    },
    "done": true
  },
  "create:recipes/building_blocks/industrial_iron_block_from_iron_ingots_stonecutting": {
    "criteria": {
      "has_iron_ingots": "2024-07-14 03:19:45 +0000"
    },
    "done": true
  },
  "beachparty:mini_fridge": {
    "criteria": {
      "has_the_recipe": "2024-07-14 03:19:45 +0000",
      "has_iron_ingot": "2024-07-14 03:19:45 +0000"
    },
    "done": true
  },
  "minecraft:recipes/combat/iron_chestplate": {
    "criteria": {
      "has_iron_ingot": "2024-07-14 03:19:45 +0000"
    },
    "done": true
  },
  "mcdw:recipes/daggers/dagger_dagger": {
    "criteria": {
      "has_iron_ingot": "2024-07-14 03:19:45 +0000"
    },
    "done": true
  },
  "betterend:recipes/misc/iron_chandelier": {
    "criteria": {
      "has_iron_ingot": "2024-07-14 03:19:45 +0000"
    },
    "done": true
  },
  "minecraft:recipes/misc/iron_nugget": {
    "criteria": {
      "has_iron_ingot": "2024-07-14 03:19:45 +0000"
    },
    "done": true
  },
  "mcda:recipes/base_armors/mystery_armor_green_helmet": {
    "criteria": {
      "has_iron_ingot": "2024-07-14 03:19:45 +0000"
    },
    "done": true
  },
  "supplementaries:recipes/faucet": {
    "criteria": {
      "has_iron_ingot": "2024-07-14 03:19:45 +0000"
    },
    "done": true
  },
  "minecraft:story/enter_the_nether": {
    "criteria": {
      "entered_nether": "2024-07-14 03:17:29 +0000"
    },
    "done": true
  },
  "mcda:recipes/base_armors/mystery_armor_purple_leggings": {
    "criteria": {
      "has_iron_ingot": "2024-07-14 03:19:45 +0000"
    },
    "done": true
  },
  "techreborn:recipes/industrial_grinder/diamond_dust_from_leggings_with_water": {
    "criteria": {
      "has_diamond_leggings": "2024-07-14 03:13:10 +0000"
    },
    "done": true
  },
  "minecraft:story/smelt_iron": {
    "criteria": {
      "iron": "2024-07-14 03:19:45 +0000"
    },
    "done": true
  },
  "mcdw:recipes/daggers/dagger_chill_gale_knife": {
    "criteria": {
      "has_diamond": "2024-07-14 03:12:41 +0000"
    },
    "done": true
  },
  "techreborn:recipes/misc/smelting/refined_iron_ingot_from_iron_ingot": {
    "criteria": {
      "has_iron_ingot": "2024-07-14 03:19:45 +0000"
    },
    "done": true
  },
  "techreborn:recipes/industrial_grinder/diamond_dust_from_chestplate_with_mercury": {
    "criteria": {
      "has_diamond_chestplate": "2024-07-14 03:13:09 +0000"
    },
    "done": true
  },
  "betterend:recipes/misc/copy_handle_attachment": {
    "criteria": {
      "has_diamond": "2024-07-14 03:12:41 +0000"
    },
    "done": true
  },
  "techreborn:recipes/industrial_grinder/diamond_dust_from_chestplate_with_water": {
    "criteria": {
      "has_diamond_chestplate": "2024-07-14 03:13:09 +0000"
    },
    "done": true
  },
  "create:recipes/misc/crafting/kinetics/empty_blaze_burner": {
    "criteria": {
      "has_item": "2024-07-14 03:19:45 +0000"
    },
    "done": true
  },
  "supplementaries:recipes/candle_holders/candle_holder_brown": {
    "criteria": {
      "has_iron_ingot": "2024-07-14 03:19:45 +0000"
    },
    "done": true
  },
  "minecraft:recipes/combat/diamond_boots": {
    "criteria": {
      "has_diamond": "2024-07-14 03:12:41 +0000"
    },
    "done": true
  },
  "mcda:recipes/base_armors/spelunker_armor_leggings": {
    "criteria": {
      "has_iron_ingot": "2024-07-14 03:19:45 +0000"
    },
    "done": true
  },
  "minecraft:recipes/combat/iron_sword": {
    "criteria": {
      "has_iron_ingot": "2024-07-14 03:19:45 +0000"
    },
    "done": true
  },
  "minecraft:recipes/tools/iron_pickaxe": {
    "criteria": {
      "has_iron_ingot": "2024-07-14 03:19:45 +0000"
    },
    "done": true
  },
  "mcda:recipes/base_armors/mystery_armor_green_chestplate": {
    "criteria": {
      "has_iron_ingot": "2024-07-14 03:19:45 +0000"
    },
    "done": true
  },
  "supplementaries:recipes/candle_holders/candle_holder_black": {
    "criteria": {
      "has_iron_ingot": "2024-07-14 03:19:45 +0000"
    },
    "done": true
  },
  "magnumtorch:recipes/decorations/diamond_magnum_torch": {
    "criteria": {
      "has_diamond": "2024-07-14 03:12:41 +0000"
    },
    "done": true
  },
  "justhammers:recipes/tools/iron_hammer": {
    "criteria": {
      "has_material": "2024-07-14 03:19:45 +0000"
    },
    "done": true
  },
  "mcda:recipes/base_armors/ghostly_chestplate": {
    "criteria": {
      "has_iron_ingot": "2024-07-14 03:19:45 +0000"
    },
    "done": true
  },
  "mcdw:recipes/axes/axe_anchor": {
    "criteria": {
      "has_iron_ingot": "2024-07-14 03:19:45 +0000"
    },
    "done": true
  },
  "betterarcheology:recipes/recipe_diamond_brush": {
    "criteria": {
      "has_item": "2024-07-14 03:12:41 +0000"
    },
    "done": true
  },
  "mcdw:recipes/scythes/scythe_jailors_scythe": {
    "criteria": {
      "has_iron_ingot": "2024-07-14 03:19:45 +0000"
    },
    "done": true
  },
  "betternether:recipes/combat/cincinnasite_sword_diamond": {
    "criteria": {
      "has_item.minecraft.diamond": "2024-07-14 03:12:41 +0000"
    },
    "done": true
  },
  "mcda:recipes/base_armors/mystery_armor_blue_chestplate": {
    "criteria": {
      "has_iron_ingot": "2024-07-14 03:19:45 +0000"
    },
    "done": true
  },
  "mcdw:recipes/crossbows/crossbow_imploding": {
    "criteria": {
      "has_iron_ingot": "2024-07-14 03:19:45 +0000"
    },
    "done": true
  },
  "artifacts:amateur_archaeologist": {
    "criteria": {
      "find_artifact": "2024-07-14 03:13:12 +0000"
    },
    "done": true
  },
  "minecraft:adventure/kill_a_mob": {
    "criteria": {
      "minecraft:blaze": "2024-07-14 03:23:00 +0000"
    },
    "done": true
  },
  "betternether:recipes/misc/copy_flaming_ruby_upgrade": {
    "criteria": {
      "has_diamond": "2024-07-14 03:12:41 +0000"
    },
    "done": true
  },
  "minecraft:recipes/brewing/brewing_stand": {
    "criteria": {
      "has_blaze_rod": "2024-07-14 03:23:09 +0000"
    },
    "done": true
  },
  "mcda:recipes/crafting_items/iron_scale": {
    "criteria": {
      "has_iron_ingot": "2024-07-14 03:19:45 +0000"
    },
    "done": true
  },
  "betternether:recipes/misc/copy_cincinnasite_diamond_upgrade": {
    "criteria": {
      "has_diamond": "2024-07-14 03:12:41 +0000"
    },
    "done": true
  },
  "mcda:recipes/base_armors/vanguard_armor_helmet": {
    "criteria": {
      "has_iron_ingot": "2024-07-14 03:19:45 +0000"
    },
    "done": true
  },
  "bclib:recipes/tools/tag_compass": {
    "criteria": {
      "has_tag_c_iron_ingots": "2024-07-14 03:19:45 +0000"
    },
    "done": true
  },
  "mcda:recipes/base_armors/thief_armor_chestplate": {
    "criteria": {
      "has_iron_ingot": "2024-07-14 03:19:45 +0000"
    },
    "done": true
  },
  "comforts:rope_and_nail": {
    "criteria": {
      "has_iron": "2024-07-14 03:19:45 +0000"
    },
    "done": true
  },
  "mcda:recipes/base_armors/emerald_gear_chestplate": {
    "criteria": {
      "has_iron_ingot": "2024-07-14 03:19:45 +0000"
    },
    "done": true
  },
  "supplementaries:recipes/spring_launcher": {
    "criteria": {
      "has_iron_ingot": "2024-07-14 03:19:45 +0000"
    },
    "done": true
  },
  "mcdw:recipes/bows/bow_twin_bow": {
    "criteria": {
      "has_iron_ingot": "2024-07-14 03:19:45 +0000"
    },
    "done": true
  },
  "supplementaries:recipes/candle_holders/candle_holder_blue": {
    "criteria": {
      "has_iron_ingot": "2024-07-14 03:19:45 +0000"
    },
    "done": true
  },
  "minecraft:recipes/combat/diamond_chestplate": {
    "criteria": {
      "has_diamond": "2024-07-14 03:12:41 +0000"
    },
    "done": true
  },
  "supplementaries:recipes/candle_holders/candle_holder_lime": {
    "criteria": {
      "has_iron_ingot": "2024-07-14 03:19:45 +0000"
    },
    "done": true
  },
  "supplementaries:recipes/lock_block": {
    "criteria": {
      "has_iron_ingot": "2024-07-14 03:19:45 +0000"
    },
    "done": true
  },
  "minecraft:recipes/tools/shears": {
    "criteria": {
      "has_iron_ingot": "2024-07-14 03:19:45 +0000"
    },
    "done": true
  },
  "mcdw:recipes/bows/bow_wind_bow": {
    "criteria": {
      "has_iron_ingot": "2024-07-14 03:19:45 +0000"
    },
    "done": true
  },
  "supplementaries:recipes/cage": {
    "criteria": {
      "has_iron_ingot": "2024-07-14 03:19:45 +0000"
    },
    "done": true
  },
  "minecraft:adventure/kill_all_mobs": {
    "criteria": {
      "minecraft:blaze": "2024-07-14 03:23:00 +0000"
    },
    "done": false
  },
  "minecraft:recipes/building_blocks/iron_block": {
    "criteria": {
      "has_iron_ingot": "2024-07-14 03:19:45 +0000"
    },
    "done": true
  },
  "farmersdelight:recipes/decorations/cooking_pot": {
    "criteria": {
      "has_iron_ingot": "2024-07-14 03:19:45 +0000"
    },
    "done": true
  },
  "techreborn:recipes/chemical_reactor/synthetic_redstone_crystal": {
    "criteria": {
      "has_diamond": "2024-07-14 03:12:41 +0000"
    },
    "done": true
  },
  "minecraft:recipes/tools/diamond_shovel": {
    "criteria": {
      "has_diamond": "2024-07-14 03:12:41 +0000"
    },
    "done": true
  },
  "mcdw:recipes/axes/axe_firebrand": {
    "criteria": {
      "has_iron_ingot": "2024-07-14 03:19:45 +0000"
    },
    "done": true
  },
  "mcda:recipes/base_armors/mystery_armor_green_leggings": {
    "criteria": {
      "has_iron_ingot": "2024-07-14 03:19:45 +0000"
    },
    "done": true
  },
  "lootr:social": {
    "criteria": {
      "opened_chest": "2024-07-14 03:19:41 +0000"
    },
    "done": false
  },
  "supplementaries:recipes/candle_holders/candle_holder_purple": {
    "criteria": {
      "has_iron_ingot": "2024-07-14 03:19:45 +0000"
    },
    "done": true
  },
  "betternether:enter_nether": {
    "criteria": {
      "entered_nether": "2024-07-14 03:17:29 +0000"
    },
    "done": true
  },
  "mcda:recipes/base_armors/vanguard_armor_chestplate": {
    "criteria": {
      "has_iron_ingot": "2024-07-14 03:19:45 +0000"
    },
    "done": true
  },
  "bclib:recipes/transportation/tag_minecart": {
    "criteria": {
      "has_tag_c_iron_ingots": "2024-07-14 03:19:45 +0000"
    },
    "done": true
  },
  "minecraft:recipes/tools/iron_shovel": {
    "criteria": {
      "has_iron_ingot": "2024-07-14 03:19:45 +0000"
    },
    "done": true
  },
  "mcda:recipes/base_armors/dark_armor_chestplate": {
    "criteria": {
      "has_iron_ingot": "2024-07-14 03:19:45 +0000"
    },
    "done": true
  },
  "mcda:recipes/base_armors/dark_armor_helmet": {
    "criteria": {
      "has_iron_ingot": "2024-07-14 03:19:45 +0000"
    },
    "done": true
  },
  "herbalbrews:recipes/cauldron": {
    "criteria": {
      "has_iron_ingot": "2024-07-14 03:19:45 +0000"
    },
    "done": true
  },
  "minecraft:recipes/combat/crossbow": {
    "criteria": {
      "has_iron_ingot": "2024-07-14 03:19:45 +0000"
    },
    "done": true
  },
  "betterend:recipes/misc/copy_aeternium_upgrade": {
    "criteria": {
      "has_diamond": "2024-07-14 03:12:41 +0000"
    },
    "done": true
  },
  "decorative_blocks:recipes/decorative_blocks.general/bar_panel": {
    "criteria": {
      "has_ingot": "2024-07-14 03:19:45 +0000"
    },
    "done": true
  },
  "mcdw:recipes/sickles/sickle_sickle": {
    "criteria": {
      "has_iron_ingot": "2024-07-14 03:19:45 +0000"
    },
    "done": true
  },
  "mcdw:recipes/spears/spear_whispering_spear": {
    "criteria": {
      "has_diamond": "2024-07-14 03:12:41 +0000"
    },
    "done": true
  },
  "betternether:city": {
    "criteria": {
      "ncity": "2024-07-14 03:17:30 +0000"
    },
    "done": true
  },
  "minecraft:recipes/redstone/heavy_weighted_pressure_plate": {
    "criteria": {
      "has_iron_ingot": "2024-07-14 03:19:45 +0000"
    },
    "done": true
  },
  "minecraft:recipes/combat/diamond_leggings": {
    "criteria": {
      "has_diamond": "2024-07-14 03:12:41 +0000"
    },
    "done": true
  },
  "mcdw:recipes/daggers/dagger_void_touched_blade": {
    "criteria": {
      "has_diamond": "2024-07-14 03:12:41 +0000"
    },
    "done": true
  },
  "minecraft:recipes/transportation/minecart": {
    "criteria": {
      "has_iron_ingot": "2024-07-14 03:19:45 +0000"
    },
    "done": true
  },
  "mcda:recipes/base_armors/mystery_armor_red_leggings": {
    "criteria": {
      "has_iron_ingot": "2024-07-14 03:19:45 +0000"
    },
    "done": true
  },
  "mcdw:recipes/daggers/dagger_moon": {
    "criteria": {
      "has_iron_ingot": "2024-07-14 03:19:45 +0000"
    },
    "done": true
  },
  "botania:recipes/building_blocks/blaze_block": {
    "criteria": {
      "has_item": "2024-07-14 03:23:09 +0000"
    },
    "done": true
  },
  "minecraft:recipes/decorations/chain": {
    "criteria": {
      "has_iron_ingot": "2024-07-14 03:19:45 +0000"
    },
    "done": true
  },
  "techreborn:recipes/industrial_grinder/diamond_dust_from_helmet_with_water": {
    "criteria": {
      "has_diamond_helmet": "2024-07-14 03:13:45 +0000"
    },
    "done": true
  },
  "mcdw:recipes/swords/sword_cutlass": {
    "criteria": {
      "has_iron_ingot": "2024-07-14 03:19:45 +0000"
    },
    "done": true
  },
  "bclib:recipes/transportation/tag_rail": {
    "criteria": {
      "has_tag_c_iron_ingots": "2024-07-14 03:19:45 +0000"
    },
    "done": true
  },
  "minecraft:recipes/decorations/smithing_table": {
    "criteria": {
      "has_iron_ingot": "2024-07-14 03:19:45 +0000"
    },
    "done": true
  },
  "soulsweapons:recipes/dragon_staff": {
    "criteria": {
      "has_item": "2024-07-14 03:23:09 +0000"
    },
    "done": true
  },
  "bclib:recipes/combat/tag_shield": {
    "criteria": {
      "has_tag_c_iron_ingots": "2024-07-14 03:19:45 +0000"
    },
    "done": true
  },
  "techreborn:recipes/crafting_table/machine/iron_furnace": {
    "criteria": {
      "has_iron_ingot": "2024-07-14 03:19:45 +0000"
    },
    "done": true
  },
  "mcdw:recipes/bows/bow_elite_power_bow": {
    "criteria": {
      "has_iron_ingot": "2024-07-14 03:19:45 +0000"
    },
    "done": true
  },
  "minecraft:husbandry/root": {
    "criteria": {
      "consumed_item": "2024-07-14 03:14:22 +0000"
    },
    "done": true
  },
  "mcdw:recipes/crossbows/crossbow_voidcaller_crossbow": {
    "criteria": {
      "has_iron_ingot": "2024-07-14 03:19:45 +0000"
    },
    "done": true
  },
  "mcdw:recipes/crossbows/crossbow_shadow_crossbow": {
    "criteria": {
      "has_diamond": "2024-07-14 03:12:41 +0000"
    },
    "done": true
  },
  "mcda:recipes/base_armors/sweet_tooth_leggings": {
    "criteria": {
      "has_diamond": "2024-07-14 03:12:41 +0000"
    },
    "done": true
  },
  "supplementaries:recipes/goblet": {
    "criteria": {
      "has_iron_ingot": "2024-07-14 03:19:45 +0000"
    },
    "done": true
  },
  "betterend:recipes/misc/iron_bulb_lantern": {
    "criteria": {
      "has_iron_ingot": "2024-07-14 03:19:45 +0000"
    },
    "done": true
  },
  "techreborn:recipes/industrial_grinder/diamond_dust_from_leggings_with_mercury": {
    "criteria": {
      "has_diamond_leggings": "2024-07-14 03:13:10 +0000"
    },
    "done": true
  },
  "techreborn:recipes/misc/crafting_table/nugget/diamond_nugget": {
    "criteria": {
      "has_diamond": "2024-07-14 03:12:41 +0000"
    },
    "done": true
  },
  "mcda:recipes/base_armors/mystery_armor_purple_chestplate": {
    "criteria": {
      "has_iron_ingot": "2024-07-14 03:19:45 +0000"
    },
    "done": true
  },
  "mcdw:recipes/longbows/bow_red_snake": {
    "criteria": {
      "has_iron_ingot": "2024-07-14 03:19:45 +0000"
    },
    "done": true
  },
  "mcda:recipes/base_armors/thief_armor_leggings": {
    "criteria": {
      "has_iron_ingot": "2024-07-14 03:19:45 +0000"
    },
    "done": true
  },
  "endrem:main/root": {
    "criteria": {
      "nether_eye": "2024-07-14 03:20:58 +0000"
    },
    "done": true
  },
  "betterend:recipes/misc/diamond_hammer": {
    "criteria": {
      "has_diamond": "2024-07-14 03:12:41 +0000"
    },
    "done": true
  },
  "mcda:recipes/base_armors/emerald_gear_boots": {
    "criteria": {
      "has_iron_ingot": "2024-07-14 03:19:45 +0000"
    },
    "done": true
  },
  "bclib:recipes/redstone/tag_hopper": {
    "criteria": {
      "has_tag_c_iron_ingots": "2024-07-14 03:19:45 +0000"
    },
    "done": true
  },
  "mcdw:recipes/swords/sword_claymore": {
    "criteria": {
      "has_iron_ingot": "2024-07-14 03:19:45 +0000"
    },
    "done": true
  },
  "bclib:recipes/brewing/tag_cauldron": {
    "criteria": {
      "has_tag_c_iron_ingots": "2024-07-14 03:19:45 +0000"
    },
    "done": true
  },
  "minecraft:recipes/tools/diamond_axe": {
    "criteria": {
      "has_diamond": "2024-07-14 03:12:41 +0000"
    },
    "done": true
  },
  "DataVersion": 3465
}